L(l),3,K,3,T,6

Period,Day Ahead Price
0,12.3217
1,15.4533
2,12.2599
3,11.8649
4,12.2977
5,12.6834

Scenario ID,Period,Real Time Price,Renewable Generation Output
0,0,12.4036,147.981
0,1,16.4454,135.088
0,2,13.7525,135.042
0,3,7.22903,2.23271
0,4,12.3252,90.0655
0,5,1.31308,130.057
1,0,12.4036,147.981
1,1,16.4454,135.088
1,2,13.7525,135.042
1,3,7.22903,2.23271
1,4,12.3252,90.0655
1,5,9.29376,110.69
2,0,12.4036,147.981
2,1,16.4454,135.088
2,2,13.7525,135.042
2,3,7.22903,2.23271
2,4,12.3252,90.0655
2,5,25.0021,127.383
3,0,12.4036,147.981
3,1,16.4454,135.088
3,2,13.7525,135.042
3,3,7.22903,2.23271
3,4,19.9253,29.1745
3,5,16.1481,100.151
4,0,12.4036,147.981
4,1,16.4454,135.088
4,2,13.7525,135.042
4,3,7.22903,2.23271
4,4,19.9253,29.1745
4,5,13.119,113.601
5,0,12.4036,147.981
5,1,16.4454,135.088
5,2,13.7525,135.042
5,3,7.22903,2.23271
5,4,19.9253,29.1745
5,5,11.4358,20.8686
6,0,12.4036,147.981
6,1,16.4454,135.088
6,2,13.7525,135.042
6,3,7.22903,2.23271
6,4,8.87204,47.6377
6,5,13.3188,74.0651
7,0,12.4036,147.981
7,1,16.4454,135.088
7,2,13.7525,135.042
7,3,7.22903,2.23271
7,4,8.87204,47.6377
7,5,20.9362,101.626
8,0,12.4036,147.981
8,1,16.4454,135.088
8,2,13.7525,135.042
8,3,7.22903,2.23271
8,4,8.87204,47.6377
8,5,20.1967,137.818
9,0,12.4036,147.981
9,1,16.4454,135.088
9,2,13.7525,135.042
9,3,19.9224,49.7064
9,4,14.1268,25.7325
9,5,1.42474,74.3186
10,0,12.4036,147.981
10,1,16.4454,135.088
10,2,13.7525,135.042
10,3,19.9224,49.7064
10,4,14.1268,25.7325
10,5,16.4041,103.549
11,0,12.4036,147.981
11,1,16.4454,135.088
11,2,13.7525,135.042
11,3,19.9224,49.7064
11,4,14.1268,25.7325
11,5,5.56952,86.987
12,0,12.4036,147.981
12,1,16.4454,135.088
12,2,13.7525,135.042
12,3,19.9224,49.7064
12,4,3.81811,136.06
12,5,15.1636,83.1952
13,0,12.4036,147.981
13,1,16.4454,135.088
13,2,13.7525,135.042
13,3,19.9224,49.7064
13,4,3.81811,136.06
13,5,10.6405,88.2765
14,0,12.4036,147.981
14,1,16.4454,135.088
14,2,13.7525,135.042
14,3,19.9224,49.7064
14,4,3.81811,136.06
14,5,6.13118,90.5123
15,0,12.4036,147.981
15,1,16.4454,135.088
15,2,13.7525,135.042
15,3,19.9224,49.7064
15,4,19.9709,46.1238
15,5,22.45,42.9476
16,0,12.4036,147.981
16,1,16.4454,135.088
16,2,13.7525,135.042
16,3,19.9224,49.7064
16,4,19.9709,46.1238
16,5,12.2319,33.137
17,0,12.4036,147.981
17,1,16.4454,135.088
17,2,13.7525,135.042
17,3,19.9224,49.7064
17,4,19.9709,46.1238
17,5,0.630607,64.8119
18,0,12.4036,147.981
18,1,16.4454,135.088
18,2,13.7525,135.042
18,3,8.23349,36.4963
18,4,15.2741,91.1977
18,5,1.82352,96.8003
19,0,12.4036,147.981
19,1,16.4454,135.088
19,2,13.7525,135.042
19,3,8.23349,36.4963
19,4,15.2741,91.1977
19,5,2.59355,86.2066
20,0,12.4036,147.981
20,1,16.4454,135.088
20,2,13.7525,135.042
20,3,8.23349,36.4963
20,4,15.2741,91.1977
20,5,10.4696,80.9384
21,0,12.4036,147.981
21,1,16.4454,135.088
21,2,13.7525,135.042
21,3,8.23349,36.4963
21,4,20.4373,32.5579
21,5,18.5597,137.241
22,0,12.4036,147.981
22,1,16.4454,135.088
22,2,13.7525,135.042
22,3,8.23349,36.4963
22,4,20.4373,32.5579
22,5,0.867269,77.861
23,0,12.4036,147.981
23,1,16.4454,135.088
23,2,13.7525,135.042
23,3,8.23349,36.4963
23,4,20.4373,32.5579
23,5,15.4035,121.523
24,0,12.4036,147.981
24,1,16.4454,135.088
24,2,13.7525,135.042
24,3,8.23349,36.4963
24,4,15.3855,28.309
24,5,11.3843,97.0861
25,0,12.4036,147.981
25,1,16.4454,135.088
25,2,13.7525,135.042
25,3,8.23349,36.4963
25,4,15.3855,28.309
25,5,7.94589,10.3176
26,0,12.4036,147.981
26,1,16.4454,135.088
26,2,13.7525,135.042
26,3,8.23349,36.4963
26,4,15.3855,28.309
26,5,8.77671,77.9735
27,0,12.4036,147.981
27,1,16.4454,135.088
27,2,6.82015,14.025
27,3,8.26586,142.378
27,4,23.4886,19.2492
27,5,16.8661,138.117
28,0,12.4036,147.981
28,1,16.4454,135.088
28,2,6.82015,14.025
28,3,8.26586,142.378
28,4,23.4886,19.2492
28,5,1.93591,8.69212
29,0,12.4036,147.981
29,1,16.4454,135.088
29,2,6.82015,14.025
29,3,8.26586,142.378
29,4,23.4886,19.2492
29,5,13.2416,46.5409
30,0,12.4036,147.981
30,1,16.4454,135.088
30,2,6.82015,14.025
30,3,8.26586,142.378
30,4,12.9002,26.3198
30,5,17.1954,55.913
31,0,12.4036,147.981
31,1,16.4454,135.088
31,2,6.82015,14.025
31,3,8.26586,142.378
31,4,12.9002,26.3198
31,5,15.5113,19.7733
32,0,12.4036,147.981
32,1,16.4454,135.088
32,2,6.82015,14.025
32,3,8.26586,142.378
32,4,12.9002,26.3198
32,5,15.4353,93.1266
33,0,12.4036,147.981
33,1,16.4454,135.088
33,2,6.82015,14.025
33,3,8.26586,142.378
33,4,3.06802,145.6
33,5,14.6614,99.5704
34,0,12.4036,147.981
34,1,16.4454,135.088
34,2,6.82015,14.025
34,3,8.26586,142.378
34,4,3.06802,145.6
34,5,6.92066,99.548
35,0,12.4036,147.981
35,1,16.4454,135.088
35,2,6.82015,14.025
35,3,8.26586,142.378
35,4,3.06802,145.6
35,5,6.20134,100.329
36,0,12.4036,147.981
36,1,16.4454,135.088
36,2,6.82015,14.025
36,3,3.74122,138.617
36,4,3.29501,87.5867
36,5,5.28432,142.852
37,0,12.4036,147.981
37,1,16.4454,135.088
37,2,6.82015,14.025
37,3,3.74122,138.617
37,4,3.29501,87.5867
37,5,15.1787,35.4899
38,0,12.4036,147.981
38,1,16.4454,135.088
38,2,6.82015,14.025
38,3,3.74122,138.617
38,4,3.29501,87.5867
38,5,12.257,26.4357
39,0,12.4036,147.981
39,1,16.4454,135.088
39,2,6.82015,14.025
39,3,3.74122,138.617
39,4,13.7153,55.7709
39,5,1.21558,136.392
40,0,12.4036,147.981
40,1,16.4454,135.088
40,2,6.82015,14.025
40,3,3.74122,138.617
40,4,13.7153,55.7709
40,5,21.4104,52.8547
41,0,12.4036,147.981
41,1,16.4454,135.088
41,2,6.82015,14.025
41,3,3.74122,138.617
41,4,13.7153,55.7709
41,5,25.4297,24.1566
42,0,12.4036,147.981
42,1,16.4454,135.088
42,2,6.82015,14.025
42,3,3.74122,138.617
42,4,6.09505,14.8108
42,5,22.6769,94.0142
43,0,12.4036,147.981
43,1,16.4454,135.088
43,2,6.82015,14.025
43,3,3.74122,138.617
43,4,6.09505,14.8108
43,5,2.12748,141.997
44,0,12.4036,147.981
44,1,16.4454,135.088
44,2,6.82015,14.025
44,3,3.74122,138.617
44,4,6.09505,14.8108
44,5,17.8024,88.6677
45,0,12.4036,147.981
45,1,16.4454,135.088
45,2,6.82015,14.025
45,3,1.47591,82.922
45,4,19.5466,106.271
45,5,6.67988,51.9107
46,0,12.4036,147.981
46,1,16.4454,135.088
46,2,6.82015,14.025
46,3,1.47591,82.922
46,4,19.5466,106.271
46,5,25.0607,128.026
47,0,12.4036,147.981
47,1,16.4454,135.088
47,2,6.82015,14.025
47,3,1.47591,82.922
47,4,19.5466,106.271
47,5,12.4252,83.6307
48,0,12.4036,147.981
48,1,16.4454,135.088
48,2,6.82015,14.025
48,3,1.47591,82.922
48,4,18.1786,77.7228
48,5,12.3332,6.26925
49,0,12.4036,147.981
49,1,16.4454,135.088
49,2,6.82015,14.025
49,3,1.47591,82.922
49,4,18.1786,77.7228
49,5,5.75486,111.08
50,0,12.4036,147.981
50,1,16.4454,135.088
50,2,6.82015,14.025
50,3,1.47591,82.922
50,4,18.1786,77.7228
50,5,18.3417,68.9781
51,0,12.4036,147.981
51,1,16.4454,135.088
51,2,6.82015,14.025
51,3,1.47591,82.922
51,4,23.4772,6.06119
51,5,10.6441,136.304
52,0,12.4036,147.981
52,1,16.4454,135.088
52,2,6.82015,14.025
52,3,1.47591,82.922
52,4,23.4772,6.06119
52,5,10.7172,148.978
53,0,12.4036,147.981
53,1,16.4454,135.088
53,2,6.82015,14.025
53,3,1.47591,82.922
53,4,23.4772,6.06119
53,5,3.77757,132.543
54,0,12.4036,147.981
54,1,16.4454,135.088
54,2,0.601726,137.291
54,3,23.5237,87.8559
54,4,21.7292,66.946
54,5,4.40496,28.8067
55,0,12.4036,147.981
55,1,16.4454,135.088
55,2,0.601726,137.291
55,3,23.5237,87.8559
55,4,21.7292,66.946
55,5,20.6155,148.935
56,0,12.4036,147.981
56,1,16.4454,135.088
56,2,0.601726,137.291
56,3,23.5237,87.8559
56,4,21.7292,66.946
56,5,14.1546,115.645
57,0,12.4036,147.981
57,1,16.4454,135.088
57,2,0.601726,137.291
57,3,23.5237,87.8559
57,4,5.5109,147.388
57,5,4.00255,62.4895
58,0,12.4036,147.981
58,1,16.4454,135.088
58,2,0.601726,137.291
58,3,23.5237,87.8559
58,4,5.5109,147.388
58,5,10.3409,35.3655
59,0,12.4036,147.981
59,1,16.4454,135.088
59,2,0.601726,137.291
59,3,23.5237,87.8559
59,4,5.5109,147.388
59,5,9.44432,12.3654
60,0,12.4036,147.981
60,1,16.4454,135.088
60,2,0.601726,137.291
60,3,23.5237,87.8559
60,4,9.18768,147.011
60,5,21.4991,93.0242
61,0,12.4036,147.981
61,1,16.4454,135.088
61,2,0.601726,137.291
61,3,23.5237,87.8559
61,4,9.18768,147.011
61,5,11.1412,118.614
62,0,12.4036,147.981
62,1,16.4454,135.088
62,2,0.601726,137.291
62,3,23.5237,87.8559
62,4,9.18768,147.011
62,5,12.3154,135.96
63,0,12.4036,147.981
63,1,16.4454,135.088
63,2,0.601726,137.291
63,3,11.7805,25.0607
63,4,7.54206,141.126
63,5,9.05574,142.203
64,0,12.4036,147.981
64,1,16.4454,135.088
64,2,0.601726,137.291
64,3,11.7805,25.0607
64,4,7.54206,141.126
64,5,24.6531,85.4458
65,0,12.4036,147.981
65,1,16.4454,135.088
65,2,0.601726,137.291
65,3,11.7805,25.0607
65,4,7.54206,141.126
65,5,17.9024,98.0467
66,0,12.4036,147.981
66,1,16.4454,135.088
66,2,0.601726,137.291
66,3,11.7805,25.0607
66,4,15.2894,11.4196
66,5,0.766799,14.6914
67,0,12.4036,147.981
67,1,16.4454,135.088
67,2,0.601726,137.291
67,3,11.7805,25.0607
67,4,15.2894,11.4196
67,5,14.6207,66.2541
68,0,12.4036,147.981
68,1,16.4454,135.088
68,2,0.601726,137.291
68,3,11.7805,25.0607
68,4,15.2894,11.4196
68,5,2.3693,106.144
69,0,12.4036,147.981
69,1,16.4454,135.088
69,2,0.601726,137.291
69,3,11.7805,25.0607
69,4,4.10513,26.9708
69,5,8.45823,39.0822
70,0,12.4036,147.981
70,1,16.4454,135.088
70,2,0.601726,137.291
70,3,11.7805,25.0607
70,4,4.10513,26.9708
70,5,23.3915,17.7328
71,0,12.4036,147.981
71,1,16.4454,135.088
71,2,0.601726,137.291
71,3,11.7805,25.0607
71,4,4.10513,26.9708
71,5,6.58966,66.6121
72,0,12.4036,147.981
72,1,16.4454,135.088
72,2,0.601726,137.291
72,3,17.6594,71.4357
72,4,6.88629,9.19434
72,5,23.1188,61.1089
73,0,12.4036,147.981
73,1,16.4454,135.088
73,2,0.601726,137.291
73,3,17.6594,71.4357
73,4,6.88629,9.19434
73,5,22.3776,43.0369
74,0,12.4036,147.981
74,1,16.4454,135.088
74,2,0.601726,137.291
74,3,17.6594,71.4357
74,4,6.88629,9.19434
74,5,16.7222,33.5881
75,0,12.4036,147.981
75,1,16.4454,135.088
75,2,0.601726,137.291
75,3,17.6594,71.4357
75,4,8.01146,114.153
75,5,9.60307,70.5077
76,0,12.4036,147.981
76,1,16.4454,135.088
76,2,0.601726,137.291
76,3,17.6594,71.4357
76,4,8.01146,114.153
76,5,21.9461,119.678
77,0,12.4036,147.981
77,1,16.4454,135.088
77,2,0.601726,137.291
77,3,17.6594,71.4357
77,4,8.01146,114.153
77,5,6.78108,47.6627
78,0,12.4036,147.981
78,1,16.4454,135.088
78,2,0.601726,137.291
78,3,17.6594,71.4357
78,4,6.15579,63.9201
78,5,18.3107,91.3663
79,0,12.4036,147.981
79,1,16.4454,135.088
79,2,0.601726,137.291
79,3,17.6594,71.4357
79,4,6.15579,63.9201
79,5,6.91012,97.8679
80,0,12.4036,147.981
80,1,16.4454,135.088
80,2,0.601726,137.291
80,3,17.6594,71.4357
80,4,6.15579,63.9201
80,5,4.64742,143.149
81,0,12.4036,147.981
81,1,15.7612,16.1366
81,2,15.9797,106.255
81,3,2.14094,44.0714
81,4,19.0237,54.5239
81,5,7.95853,31.2359
82,0,12.4036,147.981
82,1,15.7612,16.1366
82,2,15.9797,106.255
82,3,2.14094,44.0714
82,4,19.0237,54.5239
82,5,1.35904,130.265
83,0,12.4036,147.981
83,1,15.7612,16.1366
83,2,15.9797,106.255
83,3,2.14094,44.0714
83,4,19.0237,54.5239
83,5,16.8983,21.5096
84,0,12.4036,147.981
84,1,15.7612,16.1366
84,2,15.9797,106.255
84,3,2.14094,44.0714
84,4,0.261171,38.8792
84,5,14.9776,146.287
85,0,12.4036,147.981
85,1,15.7612,16.1366
85,2,15.9797,106.255
85,3,2.14094,44.0714
85,4,0.261171,38.8792
85,5,10.5026,71.3599
86,0,12.4036,147.981
86,1,15.7612,16.1366
86,2,15.9797,106.255
86,3,2.14094,44.0714
86,4,0.261171,38.8792
86,5,2.43018,98.6091
87,0,12.4036,147.981
87,1,15.7612,16.1366
87,2,15.9797,106.255
87,3,2.14094,44.0714
87,4,19.1178,36.6705
87,5,23.9151,147.398
88,0,12.4036,147.981
88,1,15.7612,16.1366
88,2,15.9797,106.255
88,3,2.14094,44.0714
88,4,19.1178,36.6705
88,5,1.68445,117.074
89,0,12.4036,147.981
89,1,15.7612,16.1366
89,2,15.9797,106.255
89,3,2.14094,44.0714
89,4,19.1178,36.6705
89,5,7.00873,106.192
90,0,12.4036,147.981
90,1,15.7612,16.1366
90,2,15.9797,106.255
90,3,4.7997,2.15662
90,4,9.30628,73.0638
90,5,0.114676,95.8373
91,0,12.4036,147.981
91,1,15.7612,16.1366
91,2,15.9797,106.255
91,3,4.7997,2.15662
91,4,9.30628,73.0638
91,5,4.62802,127.274
92,0,12.4036,147.981
92,1,15.7612,16.1366
92,2,15.9797,106.255
92,3,4.7997,2.15662
92,4,9.30628,73.0638
92,5,11.3561,65.8217
93,0,12.4036,147.981
93,1,15.7612,16.1366
93,2,15.9797,106.255
93,3,4.7997,2.15662
93,4,24.7765,8.56639
93,5,4.32234,21.1543
94,0,12.4036,147.981
94,1,15.7612,16.1366
94,2,15.9797,106.255
94,3,4.7997,2.15662
94,4,24.7765,8.56639
94,5,1.24592,64.8027
95,0,12.4036,147.981
95,1,15.7612,16.1366
95,2,15.9797,106.255
95,3,4.7997,2.15662
95,4,24.7765,8.56639
95,5,20.6305,34.0001
96,0,12.4036,147.981
96,1,15.7612,16.1366
96,2,15.9797,106.255
96,3,4.7997,2.15662
96,4,0.136357,128.386
96,5,10.045,14.9368
97,0,12.4036,147.981
97,1,15.7612,16.1366
97,2,15.9797,106.255
97,3,4.7997,2.15662
97,4,0.136357,128.386
97,5,11.3076,65.7925
98,0,12.4036,147.981
98,1,15.7612,16.1366
98,2,15.9797,106.255
98,3,4.7997,2.15662
98,4,0.136357,128.386
98,5,25.1683,12.7259
99,0,12.4036,147.981
99,1,15.7612,16.1366
99,2,15.9797,106.255
99,3,3.50774,123.53
99,4,2.53545,126.147
99,5,15.1324,81.611
100,0,12.4036,147.981
100,1,15.7612,16.1366
100,2,15.9797,106.255
100,3,3.50774,123.53
100,4,2.53545,126.147
100,5,1.56232,147.894
101,0,12.4036,147.981
101,1,15.7612,16.1366
101,2,15.9797,106.255
101,3,3.50774,123.53
101,4,2.53545,126.147
101,5,0.514948,23.0336
102,0,12.4036,147.981
102,1,15.7612,16.1366
102,2,15.9797,106.255
102,3,3.50774,123.53
102,4,7.85762,46.4212
102,5,16.7272,140.943
103,0,12.4036,147.981
103,1,15.7612,16.1366
103,2,15.9797,106.255
103,3,3.50774,123.53
103,4,7.85762,46.4212
103,5,3.5415,106.221
104,0,12.4036,147.981
104,1,15.7612,16.1366
104,2,15.9797,106.255
104,3,3.50774,123.53
104,4,7.85762,46.4212
104,5,18.7228,60.8667
105,0,12.4036,147.981
105,1,15.7612,16.1366
105,2,15.9797,106.255
105,3,3.50774,123.53
105,4,21.4128,98.3383
105,5,10.8183,108.678
106,0,12.4036,147.981
106,1,15.7612,16.1366
106,2,15.9797,106.255
106,3,3.50774,123.53
106,4,21.4128,98.3383
106,5,1.16202,89.1136
107,0,12.4036,147.981
107,1,15.7612,16.1366
107,2,15.9797,106.255
107,3,3.50774,123.53
107,4,21.4128,98.3383
107,5,14.8983,72.2197
108,0,12.4036,147.981
108,1,15.7612,16.1366
108,2,24.2329,126.166
108,3,0.75948,57.9556
108,4,7.52818,17.0472
108,5,0.855461,110.888
109,0,12.4036,147.981
109,1,15.7612,16.1366
109,2,24.2329,126.166
109,3,0.75948,57.9556
109,4,7.52818,17.0472
109,5,16.1848,12.1234
110,0,12.4036,147.981
110,1,15.7612,16.1366
110,2,24.2329,126.166
110,3,0.75948,57.9556
110,4,7.52818,17.0472
110,5,4.45312,62.3962
111,0,12.4036,147.981
111,1,15.7612,16.1366
111,2,24.2329,126.166
111,3,0.75948,57.9556
111,4,15.5071,131.64
111,5,7.99473,83.6429
112,0,12.4036,147.981
112,1,15.7612,16.1366
112,2,24.2329,126.166
112,3,0.75948,57.9556
112,4,15.5071,131.64
112,5,13.4044,111.359
113,0,12.4036,147.981
113,1,15.7612,16.1366
113,2,24.2329,126.166
113,3,0.75948,57.9556
113,4,15.5071,131.64
113,5,25.9021,72.5349
114,0,12.4036,147.981
114,1,15.7612,16.1366
114,2,24.2329,126.166
114,3,0.75948,57.9556
114,4,4.93424,113.147
114,5,21.5081,86.7374
115,0,12.4036,147.981
115,1,15.7612,16.1366
115,2,24.2329,126.166
115,3,0.75948,57.9556
115,4,4.93424,113.147
115,5,0.718628,133.099
116,0,12.4036,147.981
116,1,15.7612,16.1366
116,2,24.2329,126.166
116,3,0.75948,57.9556
116,4,4.93424,113.147
116,5,14.6694,7.11679
117,0,12.4036,147.981
117,1,15.7612,16.1366
117,2,24.2329,126.166
117,3,18.7317,111.119
117,4,1.49255,68.1954
117,5,1.06294,31.1344
118,0,12.4036,147.981
118,1,15.7612,16.1366
118,2,24.2329,126.166
118,3,18.7317,111.119
118,4,1.49255,68.1954
118,5,25.6637,26.5641
119,0,12.4036,147.981
119,1,15.7612,16.1366
119,2,24.2329,126.166
119,3,18.7317,111.119
119,4,1.49255,68.1954
119,5,23.8083,106.076
120,0,12.4036,147.981
120,1,15.7612,16.1366
120,2,24.2329,126.166
120,3,18.7317,111.119
120,4,21.2059,54.8308
120,5,15.1547,49.769
121,0,12.4036,147.981
121,1,15.7612,16.1366
121,2,24.2329,126.166
121,3,18.7317,111.119
121,4,21.2059,54.8308
121,5,11.224,94.1348
122,0,12.4036,147.981
122,1,15.7612,16.1366
122,2,24.2329,126.166
122,3,18.7317,111.119
122,4,21.2059,54.8308
122,5,24.073,0.705612
123,0,12.4036,147.981
123,1,15.7612,16.1366
123,2,24.2329,126.166
123,3,18.7317,111.119
123,4,5.60698,7.85579
123,5,2.83478,143.818
124,0,12.4036,147.981
124,1,15.7612,16.1366
124,2,24.2329,126.166
124,3,18.7317,111.119
124,4,5.60698,7.85579
124,5,19.343,109.728
125,0,12.4036,147.981
125,1,15.7612,16.1366
125,2,24.2329,126.166
125,3,18.7317,111.119
125,4,5.60698,7.85579
125,5,1.02983,137.285
126,0,12.4036,147.981
126,1,15.7612,16.1366
126,2,24.2329,126.166
126,3,14.3319,52.3263
126,4,20.5835,142.1
126,5,3.83495,52.0648
127,0,12.4036,147.981
127,1,15.7612,16.1366
127,2,24.2329,126.166
127,3,14.3319,52.3263
127,4,20.5835,142.1
127,5,12.2942,99.4578
128,0,12.4036,147.981
128,1,15.7612,16.1366
128,2,24.2329,126.166
128,3,14.3319,52.3263
128,4,20.5835,142.1
128,5,2.32686,70.3633
129,0,12.4036,147.981
129,1,15.7612,16.1366
129,2,24.2329,126.166
129,3,14.3319,52.3263
129,4,10.8125,120.258
129,5,3.81207,137.51
130,0,12.4036,147.981
130,1,15.7612,16.1366
130,2,24.2329,126.166
130,3,14.3319,52.3263
130,4,10.8125,120.258
130,5,1.23079,26.1386
131,0,12.4036,147.981
131,1,15.7612,16.1366
131,2,24.2329,126.166
131,3,14.3319,52.3263
131,4,10.8125,120.258
131,5,20.9054,91.7321
132,0,12.4036,147.981
132,1,15.7612,16.1366
132,2,24.2329,126.166
132,3,14.3319,52.3263
132,4,5.36978,22.6744
132,5,5.76428,126.741
133,0,12.4036,147.981
133,1,15.7612,16.1366
133,2,24.2329,126.166
133,3,14.3319,52.3263
133,4,5.36978,22.6744
133,5,21.2969,31.315
134,0,12.4036,147.981
134,1,15.7612,16.1366
134,2,24.2329,126.166
134,3,14.3319,52.3263
134,4,5.36978,22.6744
134,5,0.572828,110.222
135,0,12.4036,147.981
135,1,15.7612,16.1366
135,2,16.6121,2.22499
135,3,21.5882,124.39
135,4,1.20089,84.6696
135,5,23.8144,90.7355
136,0,12.4036,147.981
136,1,15.7612,16.1366
136,2,16.6121,2.22499
136,3,21.5882,124.39
136,4,1.20089,84.6696
136,5,1.73178,52.1447
137,0,12.4036,147.981
137,1,15.7612,16.1366
137,2,16.6121,2.22499
137,3,21.5882,124.39
137,4,1.20089,84.6696
137,5,6.04419,148.874
138,0,12.4036,147.981
138,1,15.7612,16.1366
138,2,16.6121,2.22499
138,3,21.5882,124.39
138,4,16.5946,149.869
138,5,9.16073,51.2248
139,0,12.4036,147.981
139,1,15.7612,16.1366
139,2,16.6121,2.22499
139,3,21.5882,124.39
139,4,16.5946,149.869
139,5,24.7332,14.4444
140,0,12.4036,147.981
140,1,15.7612,16.1366
140,2,16.6121,2.22499
140,3,21.5882,124.39
140,4,16.5946,149.869
140,5,1.89856,148.633
141,0,12.4036,147.981
141,1,15.7612,16.1366
141,2,16.6121,2.22499
141,3,21.5882,124.39
141,4,16.1609,96.5249
141,5,0.299762,33.078
142,0,12.4036,147.981
142,1,15.7612,16.1366
142,2,16.6121,2.22499
142,3,21.5882,124.39
142,4,16.1609,96.5249
142,5,8.78762,72.6573
143,0,12.4036,147.981
143,1,15.7612,16.1366
143,2,16.6121,2.22499
143,3,21.5882,124.39
143,4,16.1609,96.5249
143,5,22.9729,64.122
144,0,12.4036,147.981
144,1,15.7612,16.1366
144,2,16.6121,2.22499
144,3,9.45689,89.4845
144,4,22.231,107.864
144,5,24.7902,4.52844
145,0,12.4036,147.981
145,1,15.7612,16.1366
145,2,16.6121,2.22499
145,3,9.45689,89.4845
145,4,22.231,107.864
145,5,8.94948,0.121336
146,0,12.4036,147.981
146,1,15.7612,16.1366
146,2,16.6121,2.22499
146,3,9.45689,89.4845
146,4,22.231,107.864
146,5,5.31563,22.2399
147,0,12.4036,147.981
147,1,15.7612,16.1366
147,2,16.6121,2.22499
147,3,9.45689,89.4845
147,4,12.5965,23.5882
147,5,15.9213,63.9225
148,0,12.4036,147.981
148,1,15.7612,16.1366
148,2,16.6121,2.22499
148,3,9.45689,89.4845
148,4,12.5965,23.5882
148,5,25.8233,64.7199
149,0,12.4036,147.981
149,1,15.7612,16.1366
149,2,16.6121,2.22499
149,3,9.45689,89.4845
149,4,12.5965,23.5882
149,5,16.5078,2.2854
150,0,12.4036,147.981
150,1,15.7612,16.1366
150,2,16.6121,2.22499
150,3,9.45689,89.4845
150,4,0.742695,46.2075
150,5,4.32327,82.6284
151,0,12.4036,147.981
151,1,15.7612,16.1366
151,2,16.6121,2.22499
151,3,9.45689,89.4845
151,4,0.742695,46.2075
151,5,16.1236,34.933
152,0,12.4036,147.981
152,1,15.7612,16.1366
152,2,16.6121,2.22499
152,3,9.45689,89.4845
152,4,0.742695,46.2075
152,5,23.3607,127.891
153,0,12.4036,147.981
153,1,15.7612,16.1366
153,2,16.6121,2.22499
153,3,4.17668,102.06
153,4,21.1339,47.7166
153,5,5.85982,37.6236
154,0,12.4036,147.981
154,1,15.7612,16.1366
154,2,16.6121,2.22499
154,3,4.17668,102.06
154,4,21.1339,47.7166
154,5,5.04678,26.4983
155,0,12.4036,147.981
155,1,15.7612,16.1366
155,2,16.6121,2.22499
155,3,4.17668,102.06
155,4,21.1339,47.7166
155,5,9.0251,40.0693
156,0,12.4036,147.981
156,1,15.7612,16.1366
156,2,16.6121,2.22499
156,3,4.17668,102.06
156,4,10.9641,61.3903
156,5,4.3561,53.7973
157,0,12.4036,147.981
157,1,15.7612,16.1366
157,2,16.6121,2.22499
157,3,4.17668,102.06
157,4,10.9641,61.3903
157,5,12.6789,75.8291
158,0,12.4036,147.981
158,1,15.7612,16.1366
158,2,16.6121,2.22499
158,3,4.17668,102.06
158,4,10.9641,61.3903
158,5,21.9188,55.6829
159,0,12.4036,147.981
159,1,15.7612,16.1366
159,2,16.6121,2.22499
159,3,4.17668,102.06
159,4,5.08849,91.7214
159,5,24.2582,119.475
160,0,12.4036,147.981
160,1,15.7612,16.1366
160,2,16.6121,2.22499
160,3,4.17668,102.06
160,4,5.08849,91.7214
160,5,10.4366,41.5827
161,0,12.4036,147.981
161,1,15.7612,16.1366
161,2,16.6121,2.22499
161,3,4.17668,102.06
161,4,5.08849,91.7214
161,5,20.7301,90.8785
162,0,12.4036,147.981
162,1,10.6319,147.096
162,2,6.5379,134.538
162,3,21.8367,71.7839
162,4,4.25318,37.9675
162,5,11.0626,61.45
163,0,12.4036,147.981
163,1,10.6319,147.096
163,2,6.5379,134.538
163,3,21.8367,71.7839
163,4,4.25318,37.9675
163,5,0.83217,62.8033
164,0,12.4036,147.981
164,1,10.6319,147.096
164,2,6.5379,134.538
164,3,21.8367,71.7839
164,4,4.25318,37.9675
164,5,21.8695,100.039
165,0,12.4036,147.981
165,1,10.6319,147.096
165,2,6.5379,134.538
165,3,21.8367,71.7839
165,4,1.71891,146.879
165,5,11.282,1.11193
166,0,12.4036,147.981
166,1,10.6319,147.096
166,2,6.5379,134.538
166,3,21.8367,71.7839
166,4,1.71891,146.879
166,5,5.66227,8.10964
167,0,12.4036,147.981
167,1,10.6319,147.096
167,2,6.5379,134.538
167,3,21.8367,71.7839
167,4,1.71891,146.879
167,5,6.24779,17.4401
168,0,12.4036,147.981
168,1,10.6319,147.096
168,2,6.5379,134.538
168,3,21.8367,71.7839
168,4,16.085,42.2648
168,5,23.5735,69.8516
169,0,12.4036,147.981
169,1,10.6319,147.096
169,2,6.5379,134.538
169,3,21.8367,71.7839
169,4,16.085,42.2648
169,5,9.54437,15.1169
170,0,12.4036,147.981
170,1,10.6319,147.096
170,2,6.5379,134.538
170,3,21.8367,71.7839
170,4,16.085,42.2648
170,5,16.7007,107.132
171,0,12.4036,147.981
171,1,10.6319,147.096
171,2,6.5379,134.538
171,3,16.3693,147.565
171,4,0.820736,61.5493
171,5,9.5656,121.481
172,0,12.4036,147.981
172,1,10.6319,147.096
172,2,6.5379,134.538
172,3,16.3693,147.565
172,4,0.820736,61.5493
172,5,1.89434,128.333
173,0,12.4036,147.981
173,1,10.6319,147.096
173,2,6.5379,134.538
173,3,16.3693,147.565
173,4,0.820736,61.5493
173,5,8.20046,137.384
174,0,12.4036,147.981
174,1,10.6319,147.096
174,2,6.5379,134.538
174,3,16.3693,147.565
174,4,5.95661,67.1147
174,5,5.89617,37.2615
175,0,12.4036,147.981
175,1,10.6319,147.096
175,2,6.5379,134.538
175,3,16.3693,147.565
175,4,5.95661,67.1147
175,5,18.5222,94.2277
176,0,12.4036,147.981
176,1,10.6319,147.096
176,2,6.5379,134.538
176,3,16.3693,147.565
176,4,5.95661,67.1147
176,5,13.6663,76.4554
177,0,12.4036,147.981
177,1,10.6319,147.096
177,2,6.5379,134.538
177,3,16.3693,147.565
177,4,5.51321,65.3446
177,5,6.08507,142.667
178,0,12.4036,147.981
178,1,10.6319,147.096
178,2,6.5379,134.538
178,3,16.3693,147.565
178,4,5.51321,65.3446
178,5,23.9036,39.9072
179,0,12.4036,147.981
179,1,10.6319,147.096
179,2,6.5379,134.538
179,3,16.3693,147.565
179,4,5.51321,65.3446
179,5,9.61483,114.075
180,0,12.4036,147.981
180,1,10.6319,147.096
180,2,6.5379,134.538
180,3,10.4696,102.953
180,4,15.5634,38.7352
180,5,24.2572,120.559
181,0,12.4036,147.981
181,1,10.6319,147.096
181,2,6.5379,134.538
181,3,10.4696,102.953
181,4,15.5634,38.7352
181,5,19.9658,22.6126
182,0,12.4036,147.981
182,1,10.6319,147.096
182,2,6.5379,134.538
182,3,10.4696,102.953
182,4,15.5634,38.7352
182,5,22.3025,1.23222
183,0,12.4036,147.981
183,1,10.6319,147.096
183,2,6.5379,134.538
183,3,10.4696,102.953
183,4,0.00245062,35.5273
183,5,6.94248,114.669
184,0,12.4036,147.981
184,1,10.6319,147.096
184,2,6.5379,134.538
184,3,10.4696,102.953
184,4,0.00245062,35.5273
184,5,12.3212,95.1165
185,0,12.4036,147.981
185,1,10.6319,147.096
185,2,6.5379,134.538
185,3,10.4696,102.953
185,4,0.00245062,35.5273
185,5,22.4963,17.4337
186,0,12.4036,147.981
186,1,10.6319,147.096
186,2,6.5379,134.538
186,3,10.4696,102.953
186,4,6.69147,93.2501
186,5,9.05633,34.9725
187,0,12.4036,147.981
187,1,10.6319,147.096
187,2,6.5379,134.538
187,3,10.4696,102.953
187,4,6.69147,93.2501
187,5,24.0786,63.1769
188,0,12.4036,147.981
188,1,10.6319,147.096
188,2,6.5379,134.538
188,3,10.4696,102.953
188,4,6.69147,93.2501
188,5,2.30635,36.2253
189,0,12.4036,147.981
189,1,10.6319,147.096
189,2,18.5012,24.7283
189,3,13.951,46.115
189,4,22.889,16.8604
189,5,8.76382,47.3222
190,0,12.4036,147.981
190,1,10.6319,147.096
190,2,18.5012,24.7283
190,3,13.951,46.115
190,4,22.889,16.8604
190,5,12.7377,7.41926
191,0,12.4036,147.981
191,1,10.6319,147.096
191,2,18.5012,24.7283
191,3,13.951,46.115
191,4,22.889,16.8604
191,5,24.5353,2.33103
192,0,12.4036,147.981
192,1,10.6319,147.096
192,2,18.5012,24.7283
192,3,13.951,46.115
192,4,8.8597,54.7243
192,5,14.5383,26.6561
193,0,12.4036,147.981
193,1,10.6319,147.096
193,2,18.5012,24.7283
193,3,13.951,46.115
193,4,8.8597,54.7243
193,5,25.133,71.78
194,0,12.4036,147.981
194,1,10.6319,147.096
194,2,18.5012,24.7283
194,3,13.951,46.115
194,4,8.8597,54.7243
194,5,11.5376,50.4681
195,0,12.4036,147.981
195,1,10.6319,147.096
195,2,18.5012,24.7283
195,3,13.951,46.115
195,4,7.0111,55.3985
195,5,6.21493,56.509
196,0,12.4036,147.981
196,1,10.6319,147.096
196,2,18.5012,24.7283
196,3,13.951,46.115
196,4,7.0111,55.3985
196,5,3.64467,1.04267
197,0,12.4036,147.981
197,1,10.6319,147.096
197,2,18.5012,24.7283
197,3,13.951,46.115
197,4,7.0111,55.3985
197,5,13.7144,149.695
198,0,12.4036,147.981
198,1,10.6319,147.096
198,2,18.5012,24.7283
198,3,7.07355,148.451
198,4,17.4948,12.3751
198,5,0.394314,119.174
199,0,12.4036,147.981
199,1,10.6319,147.096
199,2,18.5012,24.7283
199,3,7.07355,148.451
199,4,17.4948,12.3751
199,5,19.8232,73.3587
200,0,12.4036,147.981
200,1,10.6319,147.096
200,2,18.5012,24.7283
200,3,7.07355,148.451
200,4,17.4948,12.3751
200,5,11.1437,94.1512
201,0,12.4036,147.981
201,1,10.6319,147.096
201,2,18.5012,24.7283
201,3,7.07355,148.451
201,4,17.8733,14.1864
201,5,15.7374,116.539
202,0,12.4036,147.981
202,1,10.6319,147.096
202,2,18.5012,24.7283
202,3,7.07355,148.451
202,4,17.8733,14.1864
202,5,22.3814,79.7074
203,0,12.4036,147.981
203,1,10.6319,147.096
203,2,18.5012,24.7283
203,3,7.07355,148.451
203,4,17.8733,14.1864
203,5,5.15074,142.43
204,0,12.4036,147.981
204,1,10.6319,147.096
204,2,18.5012,24.7283
204,3,7.07355,148.451
204,4,12.786,132.472
204,5,20.095,80.2763
205,0,12.4036,147.981
205,1,10.6319,147.096
205,2,18.5012,24.7283
205,3,7.07355,148.451
205,4,12.786,132.472
205,5,6.8903,39.4196
206,0,12.4036,147.981
206,1,10.6319,147.096
206,2,18.5012,24.7283
206,3,7.07355,148.451
206,4,12.786,132.472
206,5,15.2006,31.3017
207,0,12.4036,147.981
207,1,10.6319,147.096
207,2,18.5012,24.7283
207,3,12.3371,142.69
207,4,18.3574,98.303
207,5,7.23677,21.5702
208,0,12.4036,147.981
208,1,10.6319,147.096
208,2,18.5012,24.7283
208,3,12.3371,142.69
208,4,18.3574,98.303
208,5,10.046,36.7485
209,0,12.4036,147.981
209,1,10.6319,147.096
209,2,18.5012,24.7283
209,3,12.3371,142.69
209,4,18.3574,98.303
209,5,16.1807,124.521
210,0,12.4036,147.981
210,1,10.6319,147.096
210,2,18.5012,24.7283
210,3,12.3371,142.69
210,4,3.5428,115.825
210,5,15.1175,129.206
211,0,12.4036,147.981
211,1,10.6319,147.096
211,2,18.5012,24.7283
211,3,12.3371,142.69
211,4,3.5428,115.825
211,5,5.37855,108.244
212,0,12.4036,147.981
212,1,10.6319,147.096
212,2,18.5012,24.7283
212,3,12.3371,142.69
212,4,3.5428,115.825
212,5,22.5764,110.152
213,0,12.4036,147.981
213,1,10.6319,147.096
213,2,18.5012,24.7283
213,3,12.3371,142.69
213,4,16.4983,113.238
213,5,18.7094,132.523
214,0,12.4036,147.981
214,1,10.6319,147.096
214,2,18.5012,24.7283
214,3,12.3371,142.69
214,4,16.4983,113.238
214,5,13.7498,72.3039
215,0,12.4036,147.981
215,1,10.6319,147.096
215,2,18.5012,24.7283
215,3,12.3371,142.69
215,4,16.4983,113.238
215,5,9.68619,143.617
216,0,12.4036,147.981
216,1,10.6319,147.096
216,2,16.3382,13.4282
216,3,12.1137,83.5273
216,4,1.40217,99.9173
216,5,2.8522,146.674
217,0,12.4036,147.981
217,1,10.6319,147.096
217,2,16.3382,13.4282
217,3,12.1137,83.5273
217,4,1.40217,99.9173
217,5,19.0937,145.579
218,0,12.4036,147.981
218,1,10.6319,147.096
218,2,16.3382,13.4282
218,3,12.1137,83.5273
218,4,1.40217,99.9173
218,5,13.2395,139.871
219,0,12.4036,147.981
219,1,10.6319,147.096
219,2,16.3382,13.4282
219,3,12.1137,83.5273
219,4,4.29639,42.4545
219,5,23.9214,42.3145
220,0,12.4036,147.981
220,1,10.6319,147.096
220,2,16.3382,13.4282
220,3,12.1137,83.5273
220,4,4.29639,42.4545
220,5,12.1589,27.7599
221,0,12.4036,147.981
221,1,10.6319,147.096
221,2,16.3382,13.4282
221,3,12.1137,83.5273
221,4,4.29639,42.4545
221,5,14.1672,7.84333
222,0,12.4036,147.981
222,1,10.6319,147.096
222,2,16.3382,13.4282
222,3,12.1137,83.5273
222,4,2.9522,56.5939
222,5,10.2373,123.485
223,0,12.4036,147.981
223,1,10.6319,147.096
223,2,16.3382,13.4282
223,3,12.1137,83.5273
223,4,2.9522,56.5939
223,5,5.09834,117.019
224,0,12.4036,147.981
224,1,10.6319,147.096
224,2,16.3382,13.4282
224,3,12.1137,83.5273
224,4,2.9522,56.5939
224,5,1.77377,122.764
225,0,12.4036,147.981
225,1,10.6319,147.096
225,2,16.3382,13.4282
225,3,6.37195,97.5771
225,4,18.6852,106.821
225,5,15.867,97.4499
226,0,12.4036,147.981
226,1,10.6319,147.096
226,2,16.3382,13.4282
226,3,6.37195,97.5771
226,4,18.6852,106.821
226,5,17.6747,122.571
227,0,12.4036,147.981
227,1,10.6319,147.096
227,2,16.3382,13.4282
227,3,6.37195,97.5771
227,4,18.6852,106.821
227,5,9.65354,82.2176
228,0,12.4036,147.981
228,1,10.6319,147.096
228,2,16.3382,13.4282
228,3,6.37195,97.5771
228,4,16.5237,107.813
228,5,14.3385,13.6325
229,0,12.4036,147.981
229,1,10.6319,147.096
229,2,16.3382,13.4282
229,3,6.37195,97.5771
229,4,16.5237,107.813
229,5,11.2217,12.0483
230,0,12.4036,147.981
230,1,10.6319,147.096
230,2,16.3382,13.4282
230,3,6.37195,97.5771
230,4,16.5237,107.813
230,5,14.8956,120.623
231,0,12.4036,147.981
231,1,10.6319,147.096
231,2,16.3382,13.4282
231,3,6.37195,97.5771
231,4,24.6737,133.934
231,5,0.981955,102.391
232,0,12.4036,147.981
232,1,10.6319,147.096
232,2,16.3382,13.4282
232,3,6.37195,97.5771
232,4,24.6737,133.934
232,5,20.3315,115.821
233,0,12.4036,147.981
233,1,10.6319,147.096
233,2,16.3382,13.4282
233,3,6.37195,97.5771
233,4,24.6737,133.934
233,5,16.9815,43.6787
234,0,12.4036,147.981
234,1,10.6319,147.096
234,2,16.3382,13.4282
234,3,14.8519,56.9982
234,4,8.85098,124.4
234,5,18.32,85.9782
235,0,12.4036,147.981
235,1,10.6319,147.096
235,2,16.3382,13.4282
235,3,14.8519,56.9982
235,4,8.85098,124.4
235,5,14.9055,25.8401
236,0,12.4036,147.981
236,1,10.6319,147.096
236,2,16.3382,13.4282
236,3,14.8519,56.9982
236,4,8.85098,124.4
236,5,19.7146,17.7274
237,0,12.4036,147.981
237,1,10.6319,147.096
237,2,16.3382,13.4282
237,3,14.8519,56.9982
237,4,0.137641,102.177
237,5,5.83846,22.7997
238,0,12.4036,147.981
238,1,10.6319,147.096
238,2,16.3382,13.4282
238,3,14.8519,56.9982
238,4,0.137641,102.177
238,5,24.4768,63.0969
239,0,12.4036,147.981
239,1,10.6319,147.096
239,2,16.3382,13.4282
239,3,14.8519,56.9982
239,4,0.137641,102.177
239,5,24.2353,1.44541
240,0,12.4036,147.981
240,1,10.6319,147.096
240,2,16.3382,13.4282
240,3,14.8519,56.9982
240,4,5.0483,41.2427
240,5,6.21585,81.3597
241,0,12.4036,147.981
241,1,10.6319,147.096
241,2,16.3382,13.4282
241,3,14.8519,56.9982
241,4,5.0483,41.2427
241,5,17.1419,137.83
242,0,12.4036,147.981
242,1,10.6319,147.096
242,2,16.3382,13.4282
242,3,14.8519,56.9982
242,4,5.0483,41.2427
242,5,9.34792,4.58879
