L(l),4,K,2,T,9,Alpha,0.95

Period,Day Ahead Price
0,24.8972
1,18.449
2,9.34509
3,13.3126
4,13.1546
5,12.5978
6,14.2708
7,11.1197
8,12.3755

Scenario ID,Period,Real Time Price,Renewable Generation Output
0,0,24.1103,8.15265
0,1,25.4907,118.297
0,2,5.75059,23.7427
0,3,23.5273,27.4619
0,4,5.51676,148.699
0,5,16.1509,8.69
0,6,16.9263,107.512
0,7,15.7559,46.1447
0,8,23.4324,118.528
1,0,24.1103,8.15265
1,1,25.4907,118.297
1,2,5.75059,23.7427
1,3,23.5273,27.4619
1,4,5.51676,148.699
1,5,16.1509,8.69
1,6,16.9263,107.512
1,7,15.7559,46.1447
1,8,18.292,97.4085
2,0,24.1103,8.15265
2,1,25.4907,118.297
2,2,5.75059,23.7427
2,3,23.5273,27.4619
2,4,5.51676,148.699
2,5,16.1509,8.69
2,6,16.9263,107.512
2,7,16.6592,102.518
2,8,21.3991,140.743
3,0,24.1103,8.15265
3,1,25.4907,118.297
3,2,5.75059,23.7427
3,3,23.5273,27.4619
3,4,5.51676,148.699
3,5,16.1509,8.69
3,6,16.9263,107.512
3,7,16.6592,102.518
3,8,24.1891,71.2813
4,0,24.1103,8.15265
4,1,25.4907,118.297
4,2,5.75059,23.7427
4,3,23.5273,27.4619
4,4,5.51676,148.699
4,5,16.1509,8.69
4,6,15.6621,136.322
4,7,1.39059,16.6111
4,8,12.6813,127.16
5,0,24.1103,8.15265
5,1,25.4907,118.297
5,2,5.75059,23.7427
5,3,23.5273,27.4619
5,4,5.51676,148.699
5,5,16.1509,8.69
5,6,15.6621,136.322
5,7,1.39059,16.6111
5,8,3.93057,73.2459
6,0,24.1103,8.15265
6,1,25.4907,118.297
6,2,5.75059,23.7427
6,3,23.5273,27.4619
6,4,5.51676,148.699
6,5,16.1509,8.69
6,6,15.6621,136.322
6,7,12.8342,86.7959
6,8,2.2632,69.2893
7,0,24.1103,8.15265
7,1,25.4907,118.297
7,2,5.75059,23.7427
7,3,23.5273,27.4619
7,4,5.51676,148.699
7,5,16.1509,8.69
7,6,15.6621,136.322
7,7,12.8342,86.7959
7,8,2.72137,149.705
8,0,24.1103,8.15265
8,1,25.4907,118.297
8,2,5.75059,23.7427
8,3,23.5273,27.4619
8,4,5.51676,148.699
8,5,0.99214,60.1744
8,6,7.01226,148.758
8,7,20.7677,72.7484
8,8,19.8691,89.9137
9,0,24.1103,8.15265
9,1,25.4907,118.297
9,2,5.75059,23.7427
9,3,23.5273,27.4619
9,4,5.51676,148.699
9,5,0.99214,60.1744
9,6,7.01226,148.758
9,7,20.7677,72.7484
9,8,6.14995,37.5191
10,0,24.1103,8.15265
10,1,25.4907,118.297
10,2,5.75059,23.7427
10,3,23.5273,27.4619
10,4,5.51676,148.699
10,5,0.99214,60.1744
10,6,7.01226,148.758
10,7,10.2229,88.9078
10,8,18.3944,96.7008
11,0,24.1103,8.15265
11,1,25.4907,118.297
11,2,5.75059,23.7427
11,3,23.5273,27.4619
11,4,5.51676,148.699
11,5,0.99214,60.1744
11,6,7.01226,148.758
11,7,10.2229,88.9078
11,8,19.1678,32.6877
12,0,24.1103,8.15265
12,1,25.4907,118.297
12,2,5.75059,23.7427
12,3,23.5273,27.4619
12,4,5.51676,148.699
12,5,0.99214,60.1744
12,6,3.36287,139.802
12,7,6.82003,146.843
12,8,5.65974,66.3327
13,0,24.1103,8.15265
13,1,25.4907,118.297
13,2,5.75059,23.7427
13,3,23.5273,27.4619
13,4,5.51676,148.699
13,5,0.99214,60.1744
13,6,3.36287,139.802
13,7,6.82003,146.843
13,8,12.9858,34.3472
14,0,24.1103,8.15265
14,1,25.4907,118.297
14,2,5.75059,23.7427
14,3,23.5273,27.4619
14,4,5.51676,148.699
14,5,0.99214,60.1744
14,6,3.36287,139.802
14,7,9.12913,146.179
14,8,6.94301,4.86907
15,0,24.1103,8.15265
15,1,25.4907,118.297
15,2,5.75059,23.7427
15,3,23.5273,27.4619
15,4,5.51676,148.699
15,5,0.99214,60.1744
15,6,3.36287,139.802
15,7,9.12913,146.179
15,8,10.0551,25.2425
16,0,24.1103,8.15265
16,1,25.4907,118.297
16,2,5.75059,23.7427
16,3,23.5273,27.4619
16,4,22.4801,28.8891
16,5,8.91258,124.844
16,6,24.8098,93.3279
16,7,25.4645,64.4023
16,8,21.3889,13.541
17,0,24.1103,8.15265
17,1,25.4907,118.297
17,2,5.75059,23.7427
17,3,23.5273,27.4619
17,4,22.4801,28.8891
17,5,8.91258,124.844
17,6,24.8098,93.3279
17,7,25.4645,64.4023
17,8,21.2595,96.854
18,0,24.1103,8.15265
18,1,25.4907,118.297
18,2,5.75059,23.7427
18,3,23.5273,27.4619
18,4,22.4801,28.8891
18,5,8.91258,124.844
18,6,24.8098,93.3279
18,7,15.8902,133.201
18,8,0.742522,112.204
19,0,24.1103,8.15265
19,1,25.4907,118.297
19,2,5.75059,23.7427
19,3,23.5273,27.4619
19,4,22.4801,28.8891
19,5,8.91258,124.844
19,6,24.8098,93.3279
19,7,15.8902,133.201
19,8,3.14344,77.445
20,0,24.1103,8.15265
20,1,25.4907,118.297
20,2,5.75059,23.7427
20,3,23.5273,27.4619
20,4,22.4801,28.8891
20,5,8.91258,124.844
20,6,22.5901,71.6103
20,7,5.6,126.063
20,8,15.4897,40.8116
21,0,24.1103,8.15265
21,1,25.4907,118.297
21,2,5.75059,23.7427
21,3,23.5273,27.4619
21,4,22.4801,28.8891
21,5,8.91258,124.844
21,6,22.5901,71.6103
21,7,5.6,126.063
21,8,0.119772,102.42
22,0,24.1103,8.15265
22,1,25.4907,118.297
22,2,5.75059,23.7427
22,3,23.5273,27.4619
22,4,22.4801,28.8891
22,5,8.91258,124.844
22,6,22.5901,71.6103
22,7,22.4858,130.227
22,8,19.0842,16.3912
23,0,24.1103,8.15265
23,1,25.4907,118.297
23,2,5.75059,23.7427
23,3,23.5273,27.4619
23,4,22.4801,28.8891
23,5,8.91258,124.844
23,6,22.5901,71.6103
23,7,22.4858,130.227
23,8,17.7018,74.7306
24,0,24.1103,8.15265
24,1,25.4907,118.297
24,2,5.75059,23.7427
24,3,23.5273,27.4619
24,4,22.4801,28.8891
24,5,10.4601,117.89
24,6,15.648,64.2681
24,7,6.10274,45.4064
24,8,18.4262,137.606
25,0,24.1103,8.15265
25,1,25.4907,118.297
25,2,5.75059,23.7427
25,3,23.5273,27.4619
25,4,22.4801,28.8891
25,5,10.4601,117.89
25,6,15.648,64.2681
25,7,6.10274,45.4064
25,8,19.4566,62.4267
26,0,24.1103,8.15265
26,1,25.4907,118.297
26,2,5.75059,23.7427
26,3,23.5273,27.4619
26,4,22.4801,28.8891
26,5,10.4601,117.89
26,6,15.648,64.2681
26,7,8.23283,138.256
26,8,14.6132,72.833
27,0,24.1103,8.15265
27,1,25.4907,118.297
27,2,5.75059,23.7427
27,3,23.5273,27.4619
27,4,22.4801,28.8891
27,5,10.4601,117.89
27,6,15.648,64.2681
27,7,8.23283,138.256
27,8,16.4865,116.959
28,0,24.1103,8.15265
28,1,25.4907,118.297
28,2,5.75059,23.7427
28,3,23.5273,27.4619
28,4,22.4801,28.8891
28,5,10.4601,117.89
28,6,18.5743,10.5796
28,7,14.1416,129.305
28,8,24.1221,20.0325
29,0,24.1103,8.15265
29,1,25.4907,118.297
29,2,5.75059,23.7427
29,3,23.5273,27.4619
29,4,22.4801,28.8891
29,5,10.4601,117.89
29,6,18.5743,10.5796
29,7,14.1416,129.305
29,8,0.226434,29.2215
30,0,24.1103,8.15265
30,1,25.4907,118.297
30,2,5.75059,23.7427
30,3,23.5273,27.4619
30,4,22.4801,28.8891
30,5,10.4601,117.89
30,6,18.5743,10.5796
30,7,12.8191,22.486
30,8,4.31626,59.3167
31,0,24.1103,8.15265
31,1,25.4907,118.297
31,2,5.75059,23.7427
31,3,23.5273,27.4619
31,4,22.4801,28.8891
31,5,10.4601,117.89
31,6,18.5743,10.5796
31,7,12.8191,22.486
31,8,9.44044,148.299
32,0,24.1103,8.15265
32,1,25.4907,118.297
32,2,5.75059,23.7427
32,3,4.30629,118.157
32,4,20.2793,42.7287
32,5,25.0308,16.4037
32,6,4.06252,145.76
32,7,4.41135,20.0671
32,8,12.6287,27.1151
33,0,24.1103,8.15265
33,1,25.4907,118.297
33,2,5.75059,23.7427
33,3,4.30629,118.157
33,4,20.2793,42.7287
33,5,25.0308,16.4037
33,6,4.06252,145.76
33,7,4.41135,20.0671
33,8,16.4932,77.1415
34,0,24.1103,8.15265
34,1,25.4907,118.297
34,2,5.75059,23.7427
34,3,4.30629,118.157
34,4,20.2793,42.7287
34,5,25.0308,16.4037
34,6,4.06252,145.76
34,7,21.6674,33.4727
34,8,24.1486,113.288
35,0,24.1103,8.15265
35,1,25.4907,118.297
35,2,5.75059,23.7427
35,3,4.30629,118.157
35,4,20.2793,42.7287
35,5,25.0308,16.4037
35,6,4.06252,145.76
35,7,21.6674,33.4727
35,8,0.795006,78.6824
36,0,24.1103,8.15265
36,1,25.4907,118.297
36,2,5.75059,23.7427
36,3,4.30629,118.157
36,4,20.2793,42.7287
36,5,25.0308,16.4037
36,6,25.2345,81.6303
36,7,6.35756,49.0477
36,8,0.710637,5.27756
37,0,24.1103,8.15265
37,1,25.4907,118.297
37,2,5.75059,23.7427
37,3,4.30629,118.157
37,4,20.2793,42.7287
37,5,25.0308,16.4037
37,6,25.2345,81.6303
37,7,6.35756,49.0477
37,8,5.39115,114.201
38,0,24.1103,8.15265
38,1,25.4907,118.297
38,2,5.75059,23.7427
38,3,4.30629,118.157
38,4,20.2793,42.7287
38,5,25.0308,16.4037
38,6,25.2345,81.6303
38,7,20.8466,6.49161
38,8,3.75592,133.228
39,0,24.1103,8.15265
39,1,25.4907,118.297
39,2,5.75059,23.7427
39,3,4.30629,118.157
39,4,20.2793,42.7287
39,5,25.0308,16.4037
39,6,25.2345,81.6303
39,7,20.8466,6.49161
39,8,6.74808,127.974
40,0,24.1103,8.15265
40,1,25.4907,118.297
40,2,5.75059,23.7427
40,3,4.30629,118.157
40,4,20.2793,42.7287
40,5,14.9023,40.8479
40,6,4.20283,74.5342
40,7,21.1113,29.2468
40,8,20.9446,1.18096
41,0,24.1103,8.15265
41,1,25.4907,118.297
41,2,5.75059,23.7427
41,3,4.30629,118.157
41,4,20.2793,42.7287
41,5,14.9023,40.8479
41,6,4.20283,74.5342
41,7,21.1113,29.2468
41,8,7.00273,55.141
42,0,24.1103,8.15265
42,1,25.4907,118.297
42,2,5.75059,23.7427
42,3,4.30629,118.157
42,4,20.2793,42.7287
42,5,14.9023,40.8479
42,6,4.20283,74.5342
42,7,16.5359,11.1424
42,8,12.8291,135.515
43,0,24.1103,8.15265
43,1,25.4907,118.297
43,2,5.75059,23.7427
43,3,4.30629,118.157
43,4,20.2793,42.7287
43,5,14.9023,40.8479
43,6,4.20283,74.5342
43,7,16.5359,11.1424
43,8,3.83069,63.1797
44,0,24.1103,8.15265
44,1,25.4907,118.297
44,2,5.75059,23.7427
44,3,4.30629,118.157
44,4,20.2793,42.7287
44,5,14.9023,40.8479
44,6,21.8545,127.498
44,7,4.5222,148.067
44,8,0.961513,23.4065
45,0,24.1103,8.15265
45,1,25.4907,118.297
45,2,5.75059,23.7427
45,3,4.30629,118.157
45,4,20.2793,42.7287
45,5,14.9023,40.8479
45,6,21.8545,127.498
45,7,4.5222,148.067
45,8,16.0162,30.4487
46,0,24.1103,8.15265
46,1,25.4907,118.297
46,2,5.75059,23.7427
46,3,4.30629,118.157
46,4,20.2793,42.7287
46,5,14.9023,40.8479
46,6,21.8545,127.498
46,7,1.26912,23.0004
46,8,14.3387,146.865
47,0,24.1103,8.15265
47,1,25.4907,118.297
47,2,5.75059,23.7427
47,3,4.30629,118.157
47,4,20.2793,42.7287
47,5,14.9023,40.8479
47,6,21.8545,127.498
47,7,1.26912,23.0004
47,8,4.98294,5.58098
48,0,24.1103,8.15265
48,1,25.4907,118.297
48,2,5.75059,23.7427
48,3,4.30629,118.157
48,4,20.6474,0.172592
48,5,7.13763,84.1017
48,6,0.847462,101.806
48,7,10.8281,98.996
48,8,4.1566,123.901
49,0,24.1103,8.15265
49,1,25.4907,118.297
49,2,5.75059,23.7427
49,3,4.30629,118.157
49,4,20.6474,0.172592
49,5,7.13763,84.1017
49,6,0.847462,101.806
49,7,10.8281,98.996
49,8,14.3386,13.2993
50,0,24.1103,8.15265
50,1,25.4907,118.297
50,2,5.75059,23.7427
50,3,4.30629,118.157
50,4,20.6474,0.172592
50,5,7.13763,84.1017
50,6,0.847462,101.806
50,7,1.0749,94.7774
50,8,15.1128,87.3091
51,0,24.1103,8.15265
51,1,25.4907,118.297
51,2,5.75059,23.7427
51,3,4.30629,118.157
51,4,20.6474,0.172592
51,5,7.13763,84.1017
51,6,0.847462,101.806
51,7,1.0749,94.7774
51,8,15.9435,91.2888
52,0,24.1103,8.15265
52,1,25.4907,118.297
52,2,5.75059,23.7427
52,3,4.30629,118.157
52,4,20.6474,0.172592
52,5,7.13763,84.1017
52,6,17.3321,115.646
52,7,13.0102,135.927
52,8,16.0484,123.084
53,0,24.1103,8.15265
53,1,25.4907,118.297
53,2,5.75059,23.7427
53,3,4.30629,118.157
53,4,20.6474,0.172592
53,5,7.13763,84.1017
53,6,17.3321,115.646
53,7,13.0102,135.927
53,8,9.61818,114.255
54,0,24.1103,8.15265
54,1,25.4907,118.297
54,2,5.75059,23.7427
54,3,4.30629,118.157
54,4,20.6474,0.172592
54,5,7.13763,84.1017
54,6,17.3321,115.646
54,7,13.0008,110.267
54,8,18.4275,94.4207
55,0,24.1103,8.15265
55,1,25.4907,118.297
55,2,5.75059,23.7427
55,3,4.30629,118.157
55,4,20.6474,0.172592
55,5,7.13763,84.1017
55,6,17.3321,115.646
55,7,13.0008,110.267
55,8,15.9864,77.1469
56,0,24.1103,8.15265
56,1,25.4907,118.297
56,2,5.75059,23.7427
56,3,4.30629,118.157
56,4,20.6474,0.172592
56,5,12.6572,93.4154
56,6,23.5093,34.9094
56,7,5.43112,122.502
56,8,16.571,132.629
57,0,24.1103,8.15265
57,1,25.4907,118.297
57,2,5.75059,23.7427
57,3,4.30629,118.157
57,4,20.6474,0.172592
57,5,12.6572,93.4154
57,6,23.5093,34.9094
57,7,5.43112,122.502
57,8,22.9299,19.6157
58,0,24.1103,8.15265
58,1,25.4907,118.297
58,2,5.75059,23.7427
58,3,4.30629,118.157
58,4,20.6474,0.172592
58,5,12.6572,93.4154
58,6,23.5093,34.9094
58,7,17.0773,112.92
58,8,20.4783,4.38812
59,0,24.1103,8.15265
59,1,25.4907,118.297
59,2,5.75059,23.7427
59,3,4.30629,118.157
59,4,20.6474,0.172592
59,5,12.6572,93.4154
59,6,23.5093,34.9094
59,7,17.0773,112.92
59,8,14.3512,123.691
60,0,24.1103,8.15265
60,1,25.4907,118.297
60,2,5.75059,23.7427
60,3,4.30629,118.157
60,4,20.6474,0.172592
60,5,12.6572,93.4154
60,6,20.0189,83.2826
60,7,17.6466,22.4793
60,8,4.81773,25.1966
61,0,24.1103,8.15265
61,1,25.4907,118.297
61,2,5.75059,23.7427
61,3,4.30629,118.157
61,4,20.6474,0.172592
61,5,12.6572,93.4154
61,6,20.0189,83.2826
61,7,17.6466,22.4793
61,8,0.717623,110.518
62,0,24.1103,8.15265
62,1,25.4907,118.297
62,2,5.75059,23.7427
62,3,4.30629,118.157
62,4,20.6474,0.172592
62,5,12.6572,93.4154
62,6,20.0189,83.2826
62,7,23.4703,127.257
62,8,3.82407,32.8879
63,0,24.1103,8.15265
63,1,25.4907,118.297
63,2,5.75059,23.7427
63,3,4.30629,118.157
63,4,20.6474,0.172592
63,5,12.6572,93.4154
63,6,20.0189,83.2826
63,7,23.4703,127.257
63,8,20.1238,46.0424
64,0,24.1103,8.15265
64,1,25.4907,118.297
64,2,8.74377,105.884
64,3,5.12659,23.0078
64,4,11.5217,19.5646
64,5,18.5592,73.3539
64,6,24.6864,55.8516
64,7,7.37471,110.41
64,8,1.17669,48.8213
65,0,24.1103,8.15265
65,1,25.4907,118.297
65,2,8.74377,105.884
65,3,5.12659,23.0078
65,4,11.5217,19.5646
65,5,18.5592,73.3539
65,6,24.6864,55.8516
65,7,7.37471,110.41
65,8,10.2859,93.9776
66,0,24.1103,8.15265
66,1,25.4907,118.297
66,2,8.74377,105.884
66,3,5.12659,23.0078
66,4,11.5217,19.5646
66,5,18.5592,73.3539
66,6,24.6864,55.8516
66,7,1.85985,79.2246
66,8,23.5959,1.32332
67,0,24.1103,8.15265
67,1,25.4907,118.297
67,2,8.74377,105.884
67,3,5.12659,23.0078
67,4,11.5217,19.5646
67,5,18.5592,73.3539
67,6,24.6864,55.8516
67,7,1.85985,79.2246
67,8,6.11284,78.7171
68,0,24.1103,8.15265
68,1,25.4907,118.297
68,2,8.74377,105.884
68,3,5.12659,23.0078
68,4,11.5217,19.5646
68,5,18.5592,73.3539
68,6,12.0649,32.877
68,7,1.63938,130.999
68,8,21.564,90.7559
69,0,24.1103,8.15265
69,1,25.4907,118.297
69,2,8.74377,105.884
69,3,5.12659,23.0078
69,4,11.5217,19.5646
69,5,18.5592,73.3539
69,6,12.0649,32.877
69,7,1.63938,130.999
69,8,7.44857,80.7204
70,0,24.1103,8.15265
70,1,25.4907,118.297
70,2,8.74377,105.884
70,3,5.12659,23.0078
70,4,11.5217,19.5646
70,5,18.5592,73.3539
70,6,12.0649,32.877
70,7,14.8575,131.254
70,8,6.09728,135.202
71,0,24.1103,8.15265
71,1,25.4907,118.297
71,2,8.74377,105.884
71,3,5.12659,23.0078
71,4,11.5217,19.5646
71,5,18.5592,73.3539
71,6,12.0649,32.877
71,7,14.8575,131.254
71,8,1.36368,130.778
72,0,24.1103,8.15265
72,1,25.4907,118.297
72,2,8.74377,105.884
72,3,5.12659,23.0078
72,4,11.5217,19.5646
72,5,4.37298,3.05117
72,6,9.46573,89.0062
72,7,1.77587,31.1156
72,8,20.4241,140.155
73,0,24.1103,8.15265
73,1,25.4907,118.297
73,2,8.74377,105.884
73,3,5.12659,23.0078
73,4,11.5217,19.5646
73,5,4.37298,3.05117
73,6,9.46573,89.0062
73,7,1.77587,31.1156
73,8,0.068297,85.9753
74,0,24.1103,8.15265
74,1,25.4907,118.297
74,2,8.74377,105.884
74,3,5.12659,23.0078
74,4,11.5217,19.5646
74,5,4.37298,3.05117
74,6,9.46573,89.0062
74,7,24.6821,36.335
74,8,25.0542,83.1894
75,0,24.1103,8.15265
75,1,25.4907,118.297
75,2,8.74377,105.884
75,3,5.12659,23.0078
75,4,11.5217,19.5646
75,5,4.37298,3.05117
75,6,9.46573,89.0062
75,7,24.6821,36.335
75,8,10.3422,22.3381
76,0,24.1103,8.15265
76,1,25.4907,118.297
76,2,8.74377,105.884
76,3,5.12659,23.0078
76,4,11.5217,19.5646
76,5,4.37298,3.05117
76,6,3.93104,47.7436
76,7,5.0584,149.718
76,8,18.7869,63.8069
77,0,24.1103,8.15265
77,1,25.4907,118.297
77,2,8.74377,105.884
77,3,5.12659,23.0078
77,4,11.5217,19.5646
77,5,4.37298,3.05117
77,6,3.93104,47.7436
77,7,5.0584,149.718
77,8,23.0284,130.448
78,0,24.1103,8.15265
78,1,25.4907,118.297
78,2,8.74377,105.884
78,3,5.12659,23.0078
78,4,11.5217,19.5646
78,5,4.37298,3.05117
78,6,3.93104,47.7436
78,7,10.2848,91.6528
78,8,16.7604,98.9548
79,0,24.1103,8.15265
79,1,25.4907,118.297
79,2,8.74377,105.884
79,3,5.12659,23.0078
79,4,11.5217,19.5646
79,5,4.37298,3.05117
79,6,3.93104,47.7436
79,7,10.2848,91.6528
79,8,4.59166,103.483
80,0,24.1103,8.15265
80,1,25.4907,118.297
80,2,8.74377,105.884
80,3,5.12659,23.0078
80,4,18.3832,118.085
80,5,11.2149,99.0232
80,6,5.60457,3.00648
80,7,17.1105,65.5367
80,8,25.6145,85.832
81,0,24.1103,8.15265
81,1,25.4907,118.297
81,2,8.74377,105.884
81,3,5.12659,23.0078
81,4,18.3832,118.085
81,5,11.2149,99.0232
81,6,5.60457,3.00648
81,7,17.1105,65.5367
81,8,8.22657,133.907
82,0,24.1103,8.15265
82,1,25.4907,118.297
82,2,8.74377,105.884
82,3,5.12659,23.0078
82,4,18.3832,118.085
82,5,11.2149,99.0232
82,6,5.60457,3.00648
82,7,6.31458,23.7732
82,8,15.1069,82.7273
83,0,24.1103,8.15265
83,1,25.4907,118.297
83,2,8.74377,105.884
83,3,5.12659,23.0078
83,4,18.3832,118.085
83,5,11.2149,99.0232
83,6,5.60457,3.00648
83,7,6.31458,23.7732
83,8,10.8548,61.5631
84,0,24.1103,8.15265
84,1,25.4907,118.297
84,2,8.74377,105.884
84,3,5.12659,23.0078
84,4,18.3832,118.085
84,5,11.2149,99.0232
84,6,20.688,122.611
84,7,8.92038,111.435
84,8,4.07042,105.596
85,0,24.1103,8.15265
85,1,25.4907,118.297
85,2,8.74377,105.884
85,3,5.12659,23.0078
85,4,18.3832,118.085
85,5,11.2149,99.0232
85,6,20.688,122.611
85,7,8.92038,111.435
85,8,24.6625,58.6598
86,0,24.1103,8.15265
86,1,25.4907,118.297
86,2,8.74377,105.884
86,3,5.12659,23.0078
86,4,18.3832,118.085
86,5,11.2149,99.0232
86,6,20.688,122.611
86,7,23.2336,82.7971
86,8,15.7383,0.150859
87,0,24.1103,8.15265
87,1,25.4907,118.297
87,2,8.74377,105.884
87,3,5.12659,23.0078
87,4,18.3832,118.085
87,5,11.2149,99.0232
87,6,20.688,122.611
87,7,23.2336,82.7971
87,8,6.83594,58.6289
88,0,24.1103,8.15265
88,1,25.4907,118.297
88,2,8.74377,105.884
88,3,5.12659,23.0078
88,4,18.3832,118.085
88,5,24.247,93.9469
88,6,11.6609,76.5135
88,7,14.549,82.5627
88,8,24.3197,39.8322
89,0,24.1103,8.15265
89,1,25.4907,118.297
89,2,8.74377,105.884
89,3,5.12659,23.0078
89,4,18.3832,118.085
89,5,24.247,93.9469
89,6,11.6609,76.5135
89,7,14.549,82.5627
89,8,25.0647,134.85
90,0,24.1103,8.15265
90,1,25.4907,118.297
90,2,8.74377,105.884
90,3,5.12659,23.0078
90,4,18.3832,118.085
90,5,24.247,93.9469
90,6,11.6609,76.5135
90,7,7.92426,35.7436
90,8,21.3237,54.271
91,0,24.1103,8.15265
91,1,25.4907,118.297
91,2,8.74377,105.884
91,3,5.12659,23.0078
91,4,18.3832,118.085
91,5,24.247,93.9469
91,6,11.6609,76.5135
91,7,7.92426,35.7436
91,8,1.24587,81.4076
92,0,24.1103,8.15265
92,1,25.4907,118.297
92,2,8.74377,105.884
92,3,5.12659,23.0078
92,4,18.3832,118.085
92,5,24.247,93.9469
92,6,23.0863,90.7122
92,7,18.2073,31.1227
92,8,20.4668,140.044
93,0,24.1103,8.15265
93,1,25.4907,118.297
93,2,8.74377,105.884
93,3,5.12659,23.0078
93,4,18.3832,118.085
93,5,24.247,93.9469
93,6,23.0863,90.7122
93,7,18.2073,31.1227
93,8,10.7216,64.7726
94,0,24.1103,8.15265
94,1,25.4907,118.297
94,2,8.74377,105.884
94,3,5.12659,23.0078
94,4,18.3832,118.085
94,5,24.247,93.9469
94,6,23.0863,90.7122
94,7,2.25347,147.588
94,8,15.4264,88.346
95,0,24.1103,8.15265
95,1,25.4907,118.297
95,2,8.74377,105.884
95,3,5.12659,23.0078
95,4,18.3832,118.085
95,5,24.247,93.9469
95,6,23.0863,90.7122
95,7,2.25347,147.588
95,8,3.16438,86.7745
96,0,24.1103,8.15265
96,1,25.4907,118.297
96,2,8.74377,105.884
96,3,24.4427,141.981
96,4,8.04956,24.7749
96,5,23.6186,74.7643
96,6,12.5274,128.774
96,7,24.5324,23.7307
96,8,4.19085,65.717
97,0,24.1103,8.15265
97,1,25.4907,118.297
97,2,8.74377,105.884
97,3,24.4427,141.981
97,4,8.04956,24.7749
97,5,23.6186,74.7643
97,6,12.5274,128.774
97,7,24.5324,23.7307
97,8,12.2514,111.333
98,0,24.1103,8.15265
98,1,25.4907,118.297
98,2,8.74377,105.884
98,3,24.4427,141.981
98,4,8.04956,24.7749
98,5,23.6186,74.7643
98,6,12.5274,128.774
98,7,13.3143,0.990981
98,8,25.7303,133.305
99,0,24.1103,8.15265
99,1,25.4907,118.297
99,2,8.74377,105.884
99,3,24.4427,141.981
99,4,8.04956,24.7749
99,5,23.6186,74.7643
99,6,12.5274,128.774
99,7,13.3143,0.990981
99,8,3.96871,21.9275
100,0,24.1103,8.15265
100,1,25.4907,118.297
100,2,8.74377,105.884
100,3,24.4427,141.981
100,4,8.04956,24.7749
100,5,23.6186,74.7643
100,6,3.8727,96.5207
100,7,0.819744,12.5292
100,8,15.4095,15.1799
101,0,24.1103,8.15265
101,1,25.4907,118.297
101,2,8.74377,105.884
101,3,24.4427,141.981
101,4,8.04956,24.7749
101,5,23.6186,74.7643
101,6,3.8727,96.5207
101,7,0.819744,12.5292
101,8,13.9685,29.6984
102,0,24.1103,8.15265
102,1,25.4907,118.297
102,2,8.74377,105.884
102,3,24.4427,141.981
102,4,8.04956,24.7749
102,5,23.6186,74.7643
102,6,3.8727,96.5207
102,7,22.9225,14.9747
102,8,2.65733,120.025
103,0,24.1103,8.15265
103,1,25.4907,118.297
103,2,8.74377,105.884
103,3,24.4427,141.981
103,4,8.04956,24.7749
103,5,23.6186,74.7643
103,6,3.8727,96.5207
103,7,22.9225,14.9747
103,8,15.3101,5.63692
104,0,24.1103,8.15265
104,1,25.4907,118.297
104,2,8.74377,105.884
104,3,24.4427,141.981
104,4,8.04956,24.7749
104,5,0.243389,81.2683
104,6,9.24006,148.426
104,7,7.5651,124.642
104,8,1.70866,82.9315
105,0,24.1103,8.15265
105,1,25.4907,118.297
105,2,8.74377,105.884
105,3,24.4427,141.981
105,4,8.04956,24.7749
105,5,0.243389,81.2683
105,6,9.24006,148.426
105,7,7.5651,124.642
105,8,24.351,132.879
106,0,24.1103,8.15265
106,1,25.4907,118.297
106,2,8.74377,105.884
106,3,24.4427,141.981
106,4,8.04956,24.7749
106,5,0.243389,81.2683
106,6,9.24006,148.426
106,7,8.89368,72.8279
106,8,23.7818,147.674
107,0,24.1103,8.15265
107,1,25.4907,118.297
107,2,8.74377,105.884
107,3,24.4427,141.981
107,4,8.04956,24.7749
107,5,0.243389,81.2683
107,6,9.24006,148.426
107,7,8.89368,72.8279
107,8,11.1431,105.28
108,0,24.1103,8.15265
108,1,25.4907,118.297
108,2,8.74377,105.884
108,3,24.4427,141.981
108,4,8.04956,24.7749
108,5,0.243389,81.2683
108,6,12.83,58.1972
108,7,21.5557,110.645
108,8,23.8711,126.142
109,0,24.1103,8.15265
109,1,25.4907,118.297
109,2,8.74377,105.884
109,3,24.4427,141.981
109,4,8.04956,24.7749
109,5,0.243389,81.2683
109,6,12.83,58.1972
109,7,21.5557,110.645
109,8,3.47585,76.7163
110,0,24.1103,8.15265
110,1,25.4907,118.297
110,2,8.74377,105.884
110,3,24.4427,141.981
110,4,8.04956,24.7749
110,5,0.243389,81.2683
110,6,12.83,58.1972
110,7,2.50999,73.0743
110,8,11.178,38.309
111,0,24.1103,8.15265
111,1,25.4907,118.297
111,2,8.74377,105.884
111,3,24.4427,141.981
111,4,8.04956,24.7749
111,5,0.243389,81.2683
111,6,12.83,58.1972
111,7,2.50999,73.0743
111,8,2.3384,88.6664
112,0,24.1103,8.15265
112,1,25.4907,118.297
112,2,8.74377,105.884
112,3,24.4427,141.981
112,4,25.6753,32.1743
112,5,3.33552,30.4014
112,6,17.3736,24.0122
112,7,4.53818,50.911
112,8,18.0312,84.1718
113,0,24.1103,8.15265
113,1,25.4907,118.297
113,2,8.74377,105.884
113,3,24.4427,141.981
113,4,25.6753,32.1743
113,5,3.33552,30.4014
113,6,17.3736,24.0122
113,7,4.53818,50.911
113,8,8.66662,102.47
114,0,24.1103,8.15265
114,1,25.4907,118.297
114,2,8.74377,105.884
114,3,24.4427,141.981
114,4,25.6753,32.1743
114,5,3.33552,30.4014
114,6,17.3736,24.0122
114,7,16.7869,77.6455
114,8,11.6959,72.8961
115,0,24.1103,8.15265
115,1,25.4907,118.297
115,2,8.74377,105.884
115,3,24.4427,141.981
115,4,25.6753,32.1743
115,5,3.33552,30.4014
115,6,17.3736,24.0122
115,7,16.7869,77.6455
115,8,21.5623,6.37708
116,0,24.1103,8.15265
116,1,25.4907,118.297
116,2,8.74377,105.884
116,3,24.4427,141.981
116,4,25.6753,32.1743
116,5,3.33552,30.4014
116,6,4.13277,85.863
116,7,2.13995,80.8874
116,8,15.2665,54.9852
117,0,24.1103,8.15265
117,1,25.4907,118.297
117,2,8.74377,105.884
117,3,24.4427,141.981
117,4,25.6753,32.1743
117,5,3.33552,30.4014
117,6,4.13277,85.863
117,7,2.13995,80.8874
117,8,6.25309,103.407
118,0,24.1103,8.15265
118,1,25.4907,118.297
118,2,8.74377,105.884
118,3,24.4427,141.981
118,4,25.6753,32.1743
118,5,3.33552,30.4014
118,6,4.13277,85.863
118,7,1.81005,96.2824
118,8,4.33518,124.403
119,0,24.1103,8.15265
119,1,25.4907,118.297
119,2,8.74377,105.884
119,3,24.4427,141.981
119,4,25.6753,32.1743
119,5,3.33552,30.4014
119,6,4.13277,85.863
119,7,1.81005,96.2824
119,8,18.9009,34.8683
120,0,24.1103,8.15265
120,1,25.4907,118.297
120,2,8.74377,105.884
120,3,24.4427,141.981
120,4,25.6753,32.1743
120,5,10.0712,112.422
120,6,10.2131,139.336
120,7,2.33136,56.1595
120,8,9.93795,99.5302
121,0,24.1103,8.15265
121,1,25.4907,118.297
121,2,8.74377,105.884
121,3,24.4427,141.981
121,4,25.6753,32.1743
121,5,10.0712,112.422
121,6,10.2131,139.336
121,7,2.33136,56.1595
121,8,3.07624,44.5368
122,0,24.1103,8.15265
122,1,25.4907,118.297
122,2,8.74377,105.884
122,3,24.4427,141.981
122,4,25.6753,32.1743
122,5,10.0712,112.422
122,6,10.2131,139.336
122,7,22.8845,118.492
122,8,16.8488,82.0343
123,0,24.1103,8.15265
123,1,25.4907,118.297
123,2,8.74377,105.884
123,3,24.4427,141.981
123,4,25.6753,32.1743
123,5,10.0712,112.422
123,6,10.2131,139.336
123,7,22.8845,118.492
123,8,25.9683,84.9224
124,0,24.1103,8.15265
124,1,25.4907,118.297
124,2,8.74377,105.884
124,3,24.4427,141.981
124,4,25.6753,32.1743
124,5,10.0712,112.422
124,6,3.31857,51.3432
124,7,15.1289,145.027
124,8,10.084,19.8701
125,0,24.1103,8.15265
125,1,25.4907,118.297
125,2,8.74377,105.884
125,3,24.4427,141.981
125,4,25.6753,32.1743
125,5,10.0712,112.422
125,6,3.31857,51.3432
125,7,15.1289,145.027
125,8,2.01738,122.665
126,0,24.1103,8.15265
126,1,25.4907,118.297
126,2,8.74377,105.884
126,3,24.4427,141.981
126,4,25.6753,32.1743
126,5,10.0712,112.422
126,6,3.31857,51.3432
126,7,20.1206,78.8153
126,8,10.0844,25.1295
127,0,24.1103,8.15265
127,1,25.4907,118.297
127,2,8.74377,105.884
127,3,24.4427,141.981
127,4,25.6753,32.1743
127,5,10.0712,112.422
127,6,3.31857,51.3432
127,7,20.1206,78.8153
127,8,10.6308,12.2052
128,0,24.1103,8.15265
128,1,10.9262,90.2306
128,2,8.94628,26.8752
128,3,15.7485,37.8986
128,4,9.05438,22.9709
128,5,6.77585,63.8269
128,6,7.83258,88.7506
128,7,3.25131,42.8936
128,8,18.9456,111.331
129,0,24.1103,8.15265
129,1,10.9262,90.2306
129,2,8.94628,26.8752
129,3,15.7485,37.8986
129,4,9.05438,22.9709
129,5,6.77585,63.8269
129,6,7.83258,88.7506
129,7,3.25131,42.8936
129,8,19.8771,26.7776
130,0,24.1103,8.15265
130,1,10.9262,90.2306
130,2,8.94628,26.8752
130,3,15.7485,37.8986
130,4,9.05438,22.9709
130,5,6.77585,63.8269
130,6,7.83258,88.7506
130,7,13.8331,23.4868
130,8,5.93277,89.0734
131,0,24.1103,8.15265
131,1,10.9262,90.2306
131,2,8.94628,26.8752
131,3,15.7485,37.8986
131,4,9.05438,22.9709
131,5,6.77585,63.8269
131,6,7.83258,88.7506
131,7,13.8331,23.4868
131,8,5.74682,122.304
132,0,24.1103,8.15265
132,1,10.9262,90.2306
132,2,8.94628,26.8752
132,3,15.7485,37.8986
132,4,9.05438,22.9709
132,5,6.77585,63.8269
132,6,14.5982,99.798
132,7,9.60661,62.0513
132,8,24.9702,69.2302
133,0,24.1103,8.15265
133,1,10.9262,90.2306
133,2,8.94628,26.8752
133,3,15.7485,37.8986
133,4,9.05438,22.9709
133,5,6.77585,63.8269
133,6,14.5982,99.798
133,7,9.60661,62.0513
133,8,13.1231,19.0692
134,0,24.1103,8.15265
134,1,10.9262,90.2306
134,2,8.94628,26.8752
134,3,15.7485,37.8986
134,4,9.05438,22.9709
134,5,6.77585,63.8269
134,6,14.5982,99.798
134,7,6.66666,99.0676
134,8,7.56307,34.7539
135,0,24.1103,8.15265
135,1,10.9262,90.2306
135,2,8.94628,26.8752
135,3,15.7485,37.8986
135,4,9.05438,22.9709
135,5,6.77585,63.8269
135,6,14.5982,99.798
135,7,6.66666,99.0676
135,8,9.34918,100.967
136,0,24.1103,8.15265
136,1,10.9262,90.2306
136,2,8.94628,26.8752
136,3,15.7485,37.8986
136,4,9.05438,22.9709
136,5,3.91665,90.5102
136,6,4.81118,106.899
136,7,6.36009,89.7712
136,8,23.2759,71.6851
137,0,24.1103,8.15265
137,1,10.9262,90.2306
137,2,8.94628,26.8752
137,3,15.7485,37.8986
137,4,9.05438,22.9709
137,5,3.91665,90.5102
137,6,4.81118,106.899
137,7,6.36009,89.7712
137,8,25.2207,81.4886
138,0,24.1103,8.15265
138,1,10.9262,90.2306
138,2,8.94628,26.8752
138,3,15.7485,37.8986
138,4,9.05438,22.9709
138,5,3.91665,90.5102
138,6,4.81118,106.899
138,7,3.79522,11.0527
138,8,0.644697,145.321
139,0,24.1103,8.15265
139,1,10.9262,90.2306
139,2,8.94628,26.8752
139,3,15.7485,37.8986
139,4,9.05438,22.9709
139,5,3.91665,90.5102
139,6,4.81118,106.899
139,7,3.79522,11.0527
139,8,2.84458,61.8962
140,0,24.1103,8.15265
140,1,10.9262,90.2306
140,2,8.94628,26.8752
140,3,15.7485,37.8986
140,4,9.05438,22.9709
140,5,3.91665,90.5102
140,6,25.5739,60.0908
140,7,8.73882,36.3762
140,8,2.6332,28.0497
141,0,24.1103,8.15265
141,1,10.9262,90.2306
141,2,8.94628,26.8752
141,3,15.7485,37.8986
141,4,9.05438,22.9709
141,5,3.91665,90.5102
141,6,25.5739,60.0908
141,7,8.73882,36.3762
141,8,5.99065,73.3707
142,0,24.1103,8.15265
142,1,10.9262,90.2306
142,2,8.94628,26.8752
142,3,15.7485,37.8986
142,4,9.05438,22.9709
142,5,3.91665,90.5102
142,6,25.5739,60.0908
142,7,14.582,76.5981
142,8,9.21773,95.8931
143,0,24.1103,8.15265
143,1,10.9262,90.2306
143,2,8.94628,26.8752
143,3,15.7485,37.8986
143,4,9.05438,22.9709
143,5,3.91665,90.5102
143,6,25.5739,60.0908
143,7,14.582,76.5981
143,8,14.8331,12.4804
144,0,24.1103,8.15265
144,1,10.9262,90.2306
144,2,8.94628,26.8752
144,3,15.7485,37.8986
144,4,0.0574849,81.8133
144,5,6.7029,82.943
144,6,19.0503,116.895
144,7,15.1298,30.9744
144,8,9.91891,50.2514
145,0,24.1103,8.15265
145,1,10.9262,90.2306
145,2,8.94628,26.8752
145,3,15.7485,37.8986
145,4,0.0574849,81.8133
145,5,6.7029,82.943
145,6,19.0503,116.895
145,7,15.1298,30.9744
145,8,6.80473,91.452
146,0,24.1103,8.15265
146,1,10.9262,90.2306
146,2,8.94628,26.8752
146,3,15.7485,37.8986
146,4,0.0574849,81.8133
146,5,6.7029,82.943
146,6,19.0503,116.895
146,7,0.735558,99.6331
146,8,24.1496,72.4128
147,0,24.1103,8.15265
147,1,10.9262,90.2306
147,2,8.94628,26.8752
147,3,15.7485,37.8986
147,4,0.0574849,81.8133
147,5,6.7029,82.943
147,6,19.0503,116.895
147,7,0.735558,99.6331
147,8,11.051,133.383
148,0,24.1103,8.15265
148,1,10.9262,90.2306
148,2,8.94628,26.8752
148,3,15.7485,37.8986
148,4,0.0574849,81.8133
148,5,6.7029,82.943
148,6,5.66829,27.1805
148,7,19.3894,14.6862
148,8,24.5515,139.466
149,0,24.1103,8.15265
149,1,10.9262,90.2306
149,2,8.94628,26.8752
149,3,15.7485,37.8986
149,4,0.0574849,81.8133
149,5,6.7029,82.943
149,6,5.66829,27.1805
149,7,19.3894,14.6862
149,8,0.425105,35.2761
150,0,24.1103,8.15265
150,1,10.9262,90.2306
150,2,8.94628,26.8752
150,3,15.7485,37.8986
150,4,0.0574849,81.8133
150,5,6.7029,82.943
150,6,5.66829,27.1805
150,7,7.95869,125.312
150,8,4.19807,56.3901
151,0,24.1103,8.15265
151,1,10.9262,90.2306
151,2,8.94628,26.8752
151,3,15.7485,37.8986
151,4,0.0574849,81.8133
151,5,6.7029,82.943
151,6,5.66829,27.1805
151,7,7.95869,125.312
151,8,23.6155,8.50372
152,0,24.1103,8.15265
152,1,10.9262,90.2306
152,2,8.94628,26.8752
152,3,15.7485,37.8986
152,4,0.0574849,81.8133
152,5,10.1227,33.0788
152,6,7.52421,15.8921
152,7,12.2799,27.9416
152,8,22.1997,131.748
153,0,24.1103,8.15265
153,1,10.9262,90.2306
153,2,8.94628,26.8752
153,3,15.7485,37.8986
153,4,0.0574849,81.8133
153,5,10.1227,33.0788
153,6,7.52421,15.8921
153,7,12.2799,27.9416
153,8,15.5987,131.795
154,0,24.1103,8.15265
154,1,10.9262,90.2306
154,2,8.94628,26.8752
154,3,15.7485,37.8986
154,4,0.0574849,81.8133
154,5,10.1227,33.0788
154,6,7.52421,15.8921
154,7,16.2594,8.12798
154,8,22.0253,106.403
155,0,24.1103,8.15265
155,1,10.9262,90.2306
155,2,8.94628,26.8752
155,3,15.7485,37.8986
155,4,0.0574849,81.8133
155,5,10.1227,33.0788
155,6,7.52421,15.8921
155,7,16.2594,8.12798
155,8,7.57307,142.261
156,0,24.1103,8.15265
156,1,10.9262,90.2306
156,2,8.94628,26.8752
156,3,15.7485,37.8986
156,4,0.0574849,81.8133
156,5,10.1227,33.0788
156,6,20.4347,115.682
156,7,3.98119,59.8847
156,8,23.3052,78.2522
157,0,24.1103,8.15265
157,1,10.9262,90.2306
157,2,8.94628,26.8752
157,3,15.7485,37.8986
157,4,0.0574849,81.8133
157,5,10.1227,33.0788
157,6,20.4347,115.682
157,7,3.98119,59.8847
157,8,11.3761,37.6322
158,0,24.1103,8.15265
158,1,10.9262,90.2306
158,2,8.94628,26.8752
158,3,15.7485,37.8986
158,4,0.0574849,81.8133
158,5,10.1227,33.0788
158,6,20.4347,115.682
158,7,15.0702,41.7259
158,8,4.18518,1.20713
159,0,24.1103,8.15265
159,1,10.9262,90.2306
159,2,8.94628,26.8752
159,3,15.7485,37.8986
159,4,0.0574849,81.8133
159,5,10.1227,33.0788
159,6,20.4347,115.682
159,7,15.0702,41.7259
159,8,8.6862,81.3698
160,0,24.1103,8.15265
160,1,10.9262,90.2306
160,2,8.94628,26.8752
160,3,19.6635,98.0423
160,4,7.96963,141.347
160,5,17.2201,144.375
160,6,25.0754,140.235
160,7,17.8149,16.7495
160,8,8.91947,89.3708
161,0,24.1103,8.15265
161,1,10.9262,90.2306
161,2,8.94628,26.8752
161,3,19.6635,98.0423
161,4,7.96963,141.347
161,5,17.2201,144.375
161,6,25.0754,140.235
161,7,17.8149,16.7495
161,8,3.95577,40.7832
162,0,24.1103,8.15265
162,1,10.9262,90.2306
162,2,8.94628,26.8752
162,3,19.6635,98.0423
162,4,7.96963,141.347
162,5,17.2201,144.375
162,6,25.0754,140.235
162,7,11.3035,8.20103
162,8,2.04248,86.5773
163,0,24.1103,8.15265
163,1,10.9262,90.2306
163,2,8.94628,26.8752
163,3,19.6635,98.0423
163,4,7.96963,141.347
163,5,17.2201,144.375
163,6,25.0754,140.235
163,7,11.3035,8.20103
163,8,4.18886,3.42658
164,0,24.1103,8.15265
164,1,10.9262,90.2306
164,2,8.94628,26.8752
164,3,19.6635,98.0423
164,4,7.96963,141.347
164,5,17.2201,144.375
164,6,10.7819,47.9739
164,7,13.6588,103.674
164,8,13.1808,26.619
165,0,24.1103,8.15265
165,1,10.9262,90.2306
165,2,8.94628,26.8752
165,3,19.6635,98.0423
165,4,7.96963,141.347
165,5,17.2201,144.375
165,6,10.7819,47.9739
165,7,13.6588,103.674
165,8,6.70846,100.263
166,0,24.1103,8.15265
166,1,10.9262,90.2306
166,2,8.94628,26.8752
166,3,19.6635,98.0423
166,4,7.96963,141.347
166,5,17.2201,144.375
166,6,10.7819,47.9739
166,7,18.5932,115.494
166,8,14.3882,24.9462
167,0,24.1103,8.15265
167,1,10.9262,90.2306
167,2,8.94628,26.8752
167,3,19.6635,98.0423
167,4,7.96963,141.347
167,5,17.2201,144.375
167,6,10.7819,47.9739
167,7,18.5932,115.494
167,8,18.8528,61.0842
168,0,24.1103,8.15265
168,1,10.9262,90.2306
168,2,8.94628,26.8752
168,3,19.6635,98.0423
168,4,7.96963,141.347
168,5,12.814,140.525
168,6,24.0347,136.222
168,7,7.53055,129.164
168,8,1.16028,48.7587
169,0,24.1103,8.15265
169,1,10.9262,90.2306
169,2,8.94628,26.8752
169,3,19.6635,98.0423
169,4,7.96963,141.347
169,5,12.814,140.525
169,6,24.0347,136.222
169,7,7.53055,129.164
169,8,7.43233,133.763
170,0,24.1103,8.15265
170,1,10.9262,90.2306
170,2,8.94628,26.8752
170,3,19.6635,98.0423
170,4,7.96963,141.347
170,5,12.814,140.525
170,6,24.0347,136.222
170,7,21.9347,93.8617
170,8,0.894746,86.5696
171,0,24.1103,8.15265
171,1,10.9262,90.2306
171,2,8.94628,26.8752
171,3,19.6635,98.0423
171,4,7.96963,141.347
171,5,12.814,140.525
171,6,24.0347,136.222
171,7,21.9347,93.8617
171,8,21.8441,139.615
172,0,24.1103,8.15265
172,1,10.9262,90.2306
172,2,8.94628,26.8752
172,3,19.6635,98.0423
172,4,7.96963,141.347
172,5,12.814,140.525
172,6,18.403,88.8938
172,7,2.69366,60.6733
172,8,2.56911,41.6549
173,0,24.1103,8.15265
173,1,10.9262,90.2306
173,2,8.94628,26.8752
173,3,19.6635,98.0423
173,4,7.96963,141.347
173,5,12.814,140.525
173,6,18.403,88.8938
173,7,2.69366,60.6733
173,8,4.72287,38.9671
174,0,24.1103,8.15265
174,1,10.9262,90.2306
174,2,8.94628,26.8752
174,3,19.6635,98.0423
174,4,7.96963,141.347
174,5,12.814,140.525
174,6,18.403,88.8938
174,7,3.54637,102.828
174,8,7.42942,77.36
175,0,24.1103,8.15265
175,1,10.9262,90.2306
175,2,8.94628,26.8752
175,3,19.6635,98.0423
175,4,7.96963,141.347
175,5,12.814,140.525
175,6,18.403,88.8938
175,7,3.54637,102.828
175,8,20.8584,94.3205
176,0,24.1103,8.15265
176,1,10.9262,90.2306
176,2,8.94628,26.8752
176,3,19.6635,98.0423
176,4,12.791,136.835
176,5,13.6026,146.949
176,6,1.77398,130.014
176,7,15.8856,24.7034
176,8,2.9,143.159
177,0,24.1103,8.15265
177,1,10.9262,90.2306
177,2,8.94628,26.8752
177,3,19.6635,98.0423
177,4,12.791,136.835
177,5,13.6026,146.949
177,6,1.77398,130.014
177,7,15.8856,24.7034
177,8,23.418,28.5143
178,0,24.1103,8.15265
178,1,10.9262,90.2306
178,2,8.94628,26.8752
178,3,19.6635,98.0423
178,4,12.791,136.835
178,5,13.6026,146.949
178,6,1.77398,130.014
178,7,9.09318,53.5096
178,8,13.8209,9.2702
179,0,24.1103,8.15265
179,1,10.9262,90.2306
179,2,8.94628,26.8752
179,3,19.6635,98.0423
179,4,12.791,136.835
179,5,13.6026,146.949
179,6,1.77398,130.014
179,7,9.09318,53.5096
179,8,5.53642,5.77888
180,0,24.1103,8.15265
180,1,10.9262,90.2306
180,2,8.94628,26.8752
180,3,19.6635,98.0423
180,4,12.791,136.835
180,5,13.6026,146.949
180,6,4.29118,69.156
180,7,6.82753,98.3762
180,8,6.2208,70.6436
181,0,24.1103,8.15265
181,1,10.9262,90.2306
181,2,8.94628,26.8752
181,3,19.6635,98.0423
181,4,12.791,136.835
181,5,13.6026,146.949
181,6,4.29118,69.156
181,7,6.82753,98.3762
181,8,18.3805,118.898
182,0,24.1103,8.15265
182,1,10.9262,90.2306
182,2,8.94628,26.8752
182,3,19.6635,98.0423
182,4,12.791,136.835
182,5,13.6026,146.949
182,6,4.29118,69.156
182,7,4.99574,110.235
182,8,16.5689,64.8079
183,0,24.1103,8.15265
183,1,10.9262,90.2306
183,2,8.94628,26.8752
183,3,19.6635,98.0423
183,4,12.791,136.835
183,5,13.6026,146.949
183,6,4.29118,69.156
183,7,4.99574,110.235
183,8,5.19698,102.284
184,0,24.1103,8.15265
184,1,10.9262,90.2306
184,2,8.94628,26.8752
184,3,19.6635,98.0423
184,4,12.791,136.835
184,5,14.5497,35.5493
184,6,20.6874,43.9024
184,7,21.8951,122.626
184,8,19.6849,72.8614
185,0,24.1103,8.15265
185,1,10.9262,90.2306
185,2,8.94628,26.8752
185,3,19.6635,98.0423
185,4,12.791,136.835
185,5,14.5497,35.5493
185,6,20.6874,43.9024
185,7,21.8951,122.626
185,8,14.9148,118.729
186,0,24.1103,8.15265
186,1,10.9262,90.2306
186,2,8.94628,26.8752
186,3,19.6635,98.0423
186,4,12.791,136.835
186,5,14.5497,35.5493
186,6,20.6874,43.9024
186,7,20.5163,149.286
186,8,1.6347,62.0703
187,0,24.1103,8.15265
187,1,10.9262,90.2306
187,2,8.94628,26.8752
187,3,19.6635,98.0423
187,4,12.791,136.835
187,5,14.5497,35.5493
187,6,20.6874,43.9024
187,7,20.5163,149.286
187,8,18.7796,24.2527
188,0,24.1103,8.15265
188,1,10.9262,90.2306
188,2,8.94628,26.8752
188,3,19.6635,98.0423
188,4,12.791,136.835
188,5,14.5497,35.5493
188,6,20.8865,14.5384
188,7,5.63514,55.3066
188,8,17.979,135.591
189,0,24.1103,8.15265
189,1,10.9262,90.2306
189,2,8.94628,26.8752
189,3,19.6635,98.0423
189,4,12.791,136.835
189,5,14.5497,35.5493
189,6,20.8865,14.5384
189,7,5.63514,55.3066
189,8,10.9581,146.587
190,0,24.1103,8.15265
190,1,10.9262,90.2306
190,2,8.94628,26.8752
190,3,19.6635,98.0423
190,4,12.791,136.835
190,5,14.5497,35.5493
190,6,20.8865,14.5384
190,7,7.10877,135.289
190,8,10.9115,33.5566
191,0,24.1103,8.15265
191,1,10.9262,90.2306
191,2,8.94628,26.8752
191,3,19.6635,98.0423
191,4,12.791,136.835
191,5,14.5497,35.5493
191,6,20.8865,14.5384
191,7,7.10877,135.289
191,8,15.7573,79.6816
192,0,24.1103,8.15265
192,1,10.9262,90.2306
192,2,11.9112,30.0423
192,3,4.88997,57.7696
192,4,5.06928,37.2378
192,5,12.1858,109.169
192,6,22.9932,54.7195
192,7,12.4897,106.225
192,8,4.63063,76.0114
193,0,24.1103,8.15265
193,1,10.9262,90.2306
193,2,11.9112,30.0423
193,3,4.88997,57.7696
193,4,5.06928,37.2378
193,5,12.1858,109.169
193,6,22.9932,54.7195
193,7,12.4897,106.225
193,8,18.754,106.451
194,0,24.1103,8.15265
194,1,10.9262,90.2306
194,2,11.9112,30.0423
194,3,4.88997,57.7696
194,4,5.06928,37.2378
194,5,12.1858,109.169
194,6,22.9932,54.7195
194,7,24.8715,0.856902
194,8,14.7822,140.137
195,0,24.1103,8.15265
195,1,10.9262,90.2306
195,2,11.9112,30.0423
195,3,4.88997,57.7696
195,4,5.06928,37.2378
195,5,12.1858,109.169
195,6,22.9932,54.7195
195,7,24.8715,0.856902
195,8,19.4532,121.171
196,0,24.1103,8.15265
196,1,10.9262,90.2306
196,2,11.9112,30.0423
196,3,4.88997,57.7696
196,4,5.06928,37.2378
196,5,12.1858,109.169
196,6,19.8183,10.4098
196,7,10.3825,100.758
196,8,10.5353,68.2715
197,0,24.1103,8.15265
197,1,10.9262,90.2306
197,2,11.9112,30.0423
197,3,4.88997,57.7696
197,4,5.06928,37.2378
197,5,12.1858,109.169
197,6,19.8183,10.4098
197,7,10.3825,100.758
197,8,15.612,6.37016
198,0,24.1103,8.15265
198,1,10.9262,90.2306
198,2,11.9112,30.0423
198,3,4.88997,57.7696
198,4,5.06928,37.2378
198,5,12.1858,109.169
198,6,19.8183,10.4098
198,7,20.1674,103.345
198,8,23.0671,120.052
199,0,24.1103,8.15265
199,1,10.9262,90.2306
199,2,11.9112,30.0423
199,3,4.88997,57.7696
199,4,5.06928,37.2378
199,5,12.1858,109.169
199,6,19.8183,10.4098
199,7,20.1674,103.345
199,8,18.8333,96.6458
200,0,24.1103,8.15265
200,1,10.9262,90.2306
200,2,11.9112,30.0423
200,3,4.88997,57.7696
200,4,5.06928,37.2378
200,5,6.69075,135.004
200,6,2.01394,111.878
200,7,13.8532,92.8969
200,8,7.43828,44.7005
201,0,24.1103,8.15265
201,1,10.9262,90.2306
201,2,11.9112,30.0423
201,3,4.88997,57.7696
201,4,5.06928,37.2378
201,5,6.69075,135.004
201,6,2.01394,111.878
201,7,13.8532,92.8969
201,8,11.3316,52.3441
202,0,24.1103,8.15265
202,1,10.9262,90.2306
202,2,11.9112,30.0423
202,3,4.88997,57.7696
202,4,5.06928,37.2378
202,5,6.69075,135.004
202,6,2.01394,111.878
202,7,8.18244,95.4627
202,8,18.5069,23.7179
203,0,24.1103,8.15265
203,1,10.9262,90.2306
203,2,11.9112,30.0423
203,3,4.88997,57.7696
203,4,5.06928,37.2378
203,5,6.69075,135.004
203,6,2.01394,111.878
203,7,8.18244,95.4627
203,8,13.2768,60.4959
204,0,24.1103,8.15265
204,1,10.9262,90.2306
204,2,11.9112,30.0423
204,3,4.88997,57.7696
204,4,5.06928,37.2378
204,5,6.69075,135.004
204,6,12.2201,121.525
204,7,0.618831,67.6662
204,8,1.61353,139.817
205,0,24.1103,8.15265
205,1,10.9262,90.2306
205,2,11.9112,30.0423
205,3,4.88997,57.7696
205,4,5.06928,37.2378
205,5,6.69075,135.004
205,6,12.2201,121.525
205,7,0.618831,67.6662
205,8,9.8944,72.2597
206,0,24.1103,8.15265
206,1,10.9262,90.2306
206,2,11.9112,30.0423
206,3,4.88997,57.7696
206,4,5.06928,37.2378
206,5,6.69075,135.004
206,6,12.2201,121.525
206,7,8.37031,95.2179
206,8,4.05135,147.991
207,0,24.1103,8.15265
207,1,10.9262,90.2306
207,2,11.9112,30.0423
207,3,4.88997,57.7696
207,4,5.06928,37.2378
207,5,6.69075,135.004
207,6,12.2201,121.525
207,7,8.37031,95.2179
207,8,0.336491,50.0884
208,0,24.1103,8.15265
208,1,10.9262,90.2306
208,2,11.9112,30.0423
208,3,4.88997,57.7696
208,4,14.7121,57.4572
208,5,10.0867,28.487
208,6,13.654,103.202
208,7,16.0107,100.751
208,8,12.8271,110.137
209,0,24.1103,8.15265
209,1,10.9262,90.2306
209,2,11.9112,30.0423
209,3,4.88997,57.7696
209,4,14.7121,57.4572
209,5,10.0867,28.487
209,6,13.654,103.202
209,7,16.0107,100.751
209,8,1.13351,9.28388
210,0,24.1103,8.15265
210,1,10.9262,90.2306
210,2,11.9112,30.0423
210,3,4.88997,57.7696
210,4,14.7121,57.4572
210,5,10.0867,28.487
210,6,13.654,103.202
210,7,25.7794,131.759
210,8,17.3808,118.769
211,0,24.1103,8.15265
211,1,10.9262,90.2306
211,2,11.9112,30.0423
211,3,4.88997,57.7696
211,4,14.7121,57.4572
211,5,10.0867,28.487
211,6,13.654,103.202
211,7,25.7794,131.759
211,8,22.6122,11.0545
212,0,24.1103,8.15265
212,1,10.9262,90.2306
212,2,11.9112,30.0423
212,3,4.88997,57.7696
212,4,14.7121,57.4572
212,5,10.0867,28.487
212,6,25.7756,122.182
212,7,8.51538,27.549
212,8,6.42042,70.5239
213,0,24.1103,8.15265
213,1,10.9262,90.2306
213,2,11.9112,30.0423
213,3,4.88997,57.7696
213,4,14.7121,57.4572
213,5,10.0867,28.487
213,6,25.7756,122.182
213,7,8.51538,27.549
213,8,3.02027,20.1202
214,0,24.1103,8.15265
214,1,10.9262,90.2306
214,2,11.9112,30.0423
214,3,4.88997,57.7696
214,4,14.7121,57.4572
214,5,10.0867,28.487
214,6,25.7756,122.182
214,7,15.9457,25.445
214,8,7.03312,126.078
215,0,24.1103,8.15265
215,1,10.9262,90.2306
215,2,11.9112,30.0423
215,3,4.88997,57.7696
215,4,14.7121,57.4572
215,5,10.0867,28.487
215,6,25.7756,122.182
215,7,15.9457,25.445
215,8,20.2395,83.4889
216,0,24.1103,8.15265
216,1,10.9262,90.2306
216,2,11.9112,30.0423
216,3,4.88997,57.7696
216,4,14.7121,57.4572
216,5,13.6848,44.4536
216,6,20.643,116.598
216,7,0.0302884,60.3579
216,8,3.60168,32.1404
217,0,24.1103,8.15265
217,1,10.9262,90.2306
217,2,11.9112,30.0423
217,3,4.88997,57.7696
217,4,14.7121,57.4572
217,5,13.6848,44.4536
217,6,20.643,116.598
217,7,0.0302884,60.3579
217,8,23.5444,127.55
218,0,24.1103,8.15265
218,1,10.9262,90.2306
218,2,11.9112,30.0423
218,3,4.88997,57.7696
218,4,14.7121,57.4572
218,5,13.6848,44.4536
218,6,20.643,116.598
218,7,4.28674,32.6852
218,8,9.68212,62.4298
219,0,24.1103,8.15265
219,1,10.9262,90.2306
219,2,11.9112,30.0423
219,3,4.88997,57.7696
219,4,14.7121,57.4572
219,5,13.6848,44.4536
219,6,20.643,116.598
219,7,4.28674,32.6852
219,8,6.59456,65.1672
220,0,24.1103,8.15265
220,1,10.9262,90.2306
220,2,11.9112,30.0423
220,3,4.88997,57.7696
220,4,14.7121,57.4572
220,5,13.6848,44.4536
220,6,15.2299,113.76
220,7,20.0485,65.7433
220,8,9.05603,95.1286
221,0,24.1103,8.15265
221,1,10.9262,90.2306
221,2,11.9112,30.0423
221,3,4.88997,57.7696
221,4,14.7121,57.4572
221,5,13.6848,44.4536
221,6,15.2299,113.76
221,7,20.0485,65.7433
221,8,23.8207,75.6195
222,0,24.1103,8.15265
222,1,10.9262,90.2306
222,2,11.9112,30.0423
222,3,4.88997,57.7696
222,4,14.7121,57.4572
222,5,13.6848,44.4536
222,6,15.2299,113.76
222,7,3.11546,37.7206
222,8,16.1407,139.368
223,0,24.1103,8.15265
223,1,10.9262,90.2306
223,2,11.9112,30.0423
223,3,4.88997,57.7696
223,4,14.7121,57.4572
223,5,13.6848,44.4536
223,6,15.2299,113.76
223,7,3.11546,37.7206
223,8,21.7894,17.1217
224,0,24.1103,8.15265
224,1,10.9262,90.2306
224,2,11.9112,30.0423
224,3,1.66425,121.54
224,4,16.4679,94.4791
224,5,17.8969,80.355
224,6,18.5177,0.0678947
224,7,3.80783,11.4635
224,8,17.2476,132.247
225,0,24.1103,8.15265
225,1,10.9262,90.2306
225,2,11.9112,30.0423
225,3,1.66425,121.54
225,4,16.4679,94.4791
225,5,17.8969,80.355
225,6,18.5177,0.0678947
225,7,3.80783,11.4635
225,8,4.57697,49.7795
226,0,24.1103,8.15265
226,1,10.9262,90.2306
226,2,11.9112,30.0423
226,3,1.66425,121.54
226,4,16.4679,94.4791
226,5,17.8969,80.355
226,6,18.5177,0.0678947
226,7,6.68676,81.8675
226,8,17.5096,6.86035
227,0,24.1103,8.15265
227,1,10.9262,90.2306
227,2,11.9112,30.0423
227,3,1.66425,121.54
227,4,16.4679,94.4791
227,5,17.8969,80.355
227,6,18.5177,0.0678947
227,7,6.68676,81.8675
227,8,10.5446,138.058
228,0,24.1103,8.15265
228,1,10.9262,90.2306
228,2,11.9112,30.0423
228,3,1.66425,121.54
228,4,16.4679,94.4791
228,5,17.8969,80.355
228,6,2.03393,95.4947
228,7,19.4518,4.928
228,8,13.4133,78.2586
229,0,24.1103,8.15265
229,1,10.9262,90.2306
229,2,11.9112,30.0423
229,3,1.66425,121.54
229,4,16.4679,94.4791
229,5,17.8969,80.355
229,6,2.03393,95.4947
229,7,19.4518,4.928
229,8,1.4175,117.96
230,0,24.1103,8.15265
230,1,10.9262,90.2306
230,2,11.9112,30.0423
230,3,1.66425,121.54
230,4,16.4679,94.4791
230,5,17.8969,80.355
230,6,2.03393,95.4947
230,7,6.10344,42.1442
230,8,9.41843,124.944
231,0,24.1103,8.15265
231,1,10.9262,90.2306
231,2,11.9112,30.0423
231,3,1.66425,121.54
231,4,16.4679,94.4791
231,5,17.8969,80.355
231,6,2.03393,95.4947
231,7,6.10344,42.1442
231,8,8.9178,75.116
232,0,24.1103,8.15265
232,1,10.9262,90.2306
232,2,11.9112,30.0423
232,3,1.66425,121.54
232,4,16.4679,94.4791
232,5,21.7918,122.495
232,6,23.6236,117.905
232,7,16.9563,82.4185
232,8,1.22796,37.2818
233,0,24.1103,8.15265
233,1,10.9262,90.2306
233,2,11.9112,30.0423
233,3,1.66425,121.54
233,4,16.4679,94.4791
233,5,21.7918,122.495
233,6,23.6236,117.905
233,7,16.9563,82.4185
233,8,9.12871,62.9428
234,0,24.1103,8.15265
234,1,10.9262,90.2306
234,2,11.9112,30.0423
234,3,1.66425,121.54
234,4,16.4679,94.4791
234,5,21.7918,122.495
234,6,23.6236,117.905
234,7,23.8519,101.395
234,8,17.2833,90.7112
235,0,24.1103,8.15265
235,1,10.9262,90.2306
235,2,11.9112,30.0423
235,3,1.66425,121.54
235,4,16.4679,94.4791
235,5,21.7918,122.495
235,6,23.6236,117.905
235,7,23.8519,101.395
235,8,22.2057,1.95796
236,0,24.1103,8.15265
236,1,10.9262,90.2306
236,2,11.9112,30.0423
236,3,1.66425,121.54
236,4,16.4679,94.4791
236,5,21.7918,122.495
236,6,5.96068,146.525
236,7,0.0146784,35.8972
236,8,6.21224,115.537
237,0,24.1103,8.15265
237,1,10.9262,90.2306
237,2,11.9112,30.0423
237,3,1.66425,121.54
237,4,16.4679,94.4791
237,5,21.7918,122.495
237,6,5.96068,146.525
237,7,0.0146784,35.8972
237,8,13.4468,128.959
238,0,24.1103,8.15265
238,1,10.9262,90.2306
238,2,11.9112,30.0423
238,3,1.66425,121.54
238,4,16.4679,94.4791
238,5,21.7918,122.495
238,6,5.96068,146.525
238,7,8.07958,92.4543
238,8,18.1835,53.2854
239,0,24.1103,8.15265
239,1,10.9262,90.2306
239,2,11.9112,30.0423
239,3,1.66425,121.54
239,4,16.4679,94.4791
239,5,21.7918,122.495
239,6,5.96068,146.525
239,7,8.07958,92.4543
239,8,25.3207,54.4103
240,0,24.1103,8.15265
240,1,10.9262,90.2306
240,2,11.9112,30.0423
240,3,1.66425,121.54
240,4,5.0262,126.835
240,5,19.1978,33.8249
240,6,16.9727,59.1454
240,7,23.6857,45.3404
240,8,6.15901,22.4866
241,0,24.1103,8.15265
241,1,10.9262,90.2306
241,2,11.9112,30.0423
241,3,1.66425,121.54
241,4,5.0262,126.835
241,5,19.1978,33.8249
241,6,16.9727,59.1454
241,7,23.6857,45.3404
241,8,18.0596,136.55
242,0,24.1103,8.15265
242,1,10.9262,90.2306
242,2,11.9112,30.0423
242,3,1.66425,121.54
242,4,5.0262,126.835
242,5,19.1978,33.8249
242,6,16.9727,59.1454
242,7,12.8637,35.7754
242,8,5.08681,15.0237
243,0,24.1103,8.15265
243,1,10.9262,90.2306
243,2,11.9112,30.0423
243,3,1.66425,121.54
243,4,5.0262,126.835
243,5,19.1978,33.8249
243,6,16.9727,59.1454
243,7,12.8637,35.7754
243,8,21.5986,106.731
244,0,24.1103,8.15265
244,1,10.9262,90.2306
244,2,11.9112,30.0423
244,3,1.66425,121.54
244,4,5.0262,126.835
244,5,19.1978,33.8249
244,6,11.3847,67.2699
244,7,12.6342,16.208
244,8,16.1689,132.785
245,0,24.1103,8.15265
245,1,10.9262,90.2306
245,2,11.9112,30.0423
245,3,1.66425,121.54
245,4,5.0262,126.835
245,5,19.1978,33.8249
245,6,11.3847,67.2699
245,7,12.6342,16.208
245,8,12.9465,147.619
246,0,24.1103,8.15265
246,1,10.9262,90.2306
246,2,11.9112,30.0423
246,3,1.66425,121.54
246,4,5.0262,126.835
246,5,19.1978,33.8249
246,6,11.3847,67.2699
246,7,10.6115,73.0642
246,8,18.673,126.14
247,0,24.1103,8.15265
247,1,10.9262,90.2306
247,2,11.9112,30.0423
247,3,1.66425,121.54
247,4,5.0262,126.835
247,5,19.1978,33.8249
247,6,11.3847,67.2699
247,7,10.6115,73.0642
247,8,12.6075,114.813
248,0,24.1103,8.15265
248,1,10.9262,90.2306
248,2,11.9112,30.0423
248,3,1.66425,121.54
248,4,5.0262,126.835
248,5,14.7188,149.848
248,6,17.8616,36.18
248,7,13.2714,85.9515
248,8,2.32647,125.401
249,0,24.1103,8.15265
249,1,10.9262,90.2306
249,2,11.9112,30.0423
249,3,1.66425,121.54
249,4,5.0262,126.835
249,5,14.7188,149.848
249,6,17.8616,36.18
249,7,13.2714,85.9515
249,8,4.81108,113.134
250,0,24.1103,8.15265
250,1,10.9262,90.2306
250,2,11.9112,30.0423
250,3,1.66425,121.54
250,4,5.0262,126.835
250,5,14.7188,149.848
250,6,17.8616,36.18
250,7,18.3299,42.2304
250,8,11.4594,5.86616
251,0,24.1103,8.15265
251,1,10.9262,90.2306
251,2,11.9112,30.0423
251,3,1.66425,121.54
251,4,5.0262,126.835
251,5,14.7188,149.848
251,6,17.8616,36.18
251,7,18.3299,42.2304
251,8,19.9492,101.952
252,0,24.1103,8.15265
252,1,10.9262,90.2306
252,2,11.9112,30.0423
252,3,1.66425,121.54
252,4,5.0262,126.835
252,5,14.7188,149.848
252,6,14.1801,85.7007
252,7,0.29378,123.723
252,8,21.0432,42.669
253,0,24.1103,8.15265
253,1,10.9262,90.2306
253,2,11.9112,30.0423
253,3,1.66425,121.54
253,4,5.0262,126.835
253,5,14.7188,149.848
253,6,14.1801,85.7007
253,7,0.29378,123.723
253,8,14.0246,76.3078
254,0,24.1103,8.15265
254,1,10.9262,90.2306
254,2,11.9112,30.0423
254,3,1.66425,121.54
254,4,5.0262,126.835
254,5,14.7188,149.848
254,6,14.1801,85.7007
254,7,13.8582,23.6632
254,8,16.6321,76.9923
255,0,24.1103,8.15265
255,1,10.9262,90.2306
255,2,11.9112,30.0423
255,3,1.66425,121.54
255,4,5.0262,126.835
255,5,14.7188,149.848
255,6,14.1801,85.7007
255,7,13.8582,23.6632
255,8,22.6578,131.487
