DATE,HE01,HE02,HE03,HE04,HE05,HE06,HE07,HE08,HE09,HE10,HE11,HE12,HE13,HE14,HE15,HE16,HE17,HE18,HE19,HE20,HE21,HE22,HE23,HE24
11/10/2016,624.945,701.368,687.444,699.247,731.232,693.049,663.262,664.637,533.507,436.422,488.139,513.148,509.293,531.185,507.593,502.104,555.689,742.7,877.895,925.01,959.566,944.192,977.332,990.233
11/11/2016,991.637,976.391,962.5,948.795,897.233,848.875,817.467,774.303,705.421,692.917,717.658,739.222,810.035,843.73,847.502,856.391,851.543,834.803,777.66,802.584,749.111,721.45,666.637,588.253
11/12/2016,560.819,520.917,441.577,450.954,390.496,370.679,348.917,255.496,171.781,121.392,66.006,51.903,55.796,68.801,88.662,115.316,152.136,277.149,436.169,593.016,675.672,686.408,684.119,730.153
11/13/2016,781.896,847.874,827.769,869.835,825.315,727.046,677.628,651.865,738.509,569.471,421.92,355.505,284.003,230.181,226.415,206.75,231.384,390.896,503.256,585.896,618.519,667.228,673.829,719.003
11/14/2016,719.612,708.466,646.931,601.097,621.898,518.452,440.608,406.789,224.614,129.896,100.308,72.124,29.532,5.759,7.226,12.364,18.51,35.815,46.583,65.234,94.149,105.77,87.554,42.809
11/15/2016,33.253,29.813,40.111,72.233,72.071,68.135,71.951,92.067,72.032,60.255,69.121,76.329,87.761,77.357,82.472,139.072,178.591,276.185,404.009,406.683,485.624,511.987,486.53,433.369
11/16/2016,395.495,409.816,465.7,453.52,447.463,475.126,419.039,357.008,279.519,220.231,218.096,207.595,219.102,292.69,361.952,388.336,360.114,356.519,373.426,364.307,357.713,424.249,350.164,345.494
11/17/2016,307.061,334.003,336.252,298.361,247.812,245.081,215.617,184.075,141.917,97.106,91.764,107.637,110.01,130.608,119.302,90.821,69.873,126.412,127.091,147.738,108.742,100.846,110.663,137.352
11/18/2016,128.341,131.452,165.731,255.873,325.314,320.358,283.077,257.988,215.241,167.708,104.594,94.671,80.001,62.071,29.652,17.758,12.438,35.124,88.967,184.399,261.882,289.983,276.569,282.093
11/19/2016,373.261,434.096,441.577,439.953,455.993,451.917,444.563,457.468,429.411,362.377,381.339,620.729,756.996,634.311,611.884,715.776,942.697,938.515,925.962,865.528,829.878,847.013,875.66,913.782
11/20/2016,951.023,964.231,950.931,934.616,925.307,891.799,882.722,910.541,949.389,969.429,989.544,994.459,985.84,1006.144,1007.551,999.485,1003.064,990.354,972.993,991.532,996.819,983.02,964.016,931.638
11/21/2016,914.893,907.398,910.434,889.216,859.235,848.328,884.839,905.543,926.923,893.549,914.851,925.371,918.246,937.766,957.224,951.077,969.303,982.946,973.319,978.073,979.161,967.808,954.884,955.514
11/22/2016,961.44,954.247,945.584,923.52,907.107,903.248,932.895,946.079,929.076,939.779,937.612,904.407,862.736,792.724,719.23,664.048,558.106,479.019,509.137,551.792,563.449,538.047,519.639,491.74
11/23/2016,484.91,420.41,376.684,390.091,348.689,312.56,271.237,195.517,93.333,40.411,20.682,13.552,8.918,19.154,31.782,58.406,101.606,120.55,127.062,129.928,248.364,322.524,406.857,442.522
11/24/2016,471.869,440.056,370.862,385.765,443.599,469.782,570.687,549.821,479.593,438.564,402.206,357.923,295.389,252.689,192.082,183.137,275.713,301.675,216.625,165.873,125.984,123.578,124.261,138.991
11/25/2016,168.037,176.533,121.253,76.909,77.547,70.822,88.307,112.486,133.643,141.588,101.173,90.305,102.491,109.258,161.685,191.595,206.314,261.262,214.599,156.24,137.272,182.487,212.948,220.951
11/26/2016,277.896,294.641,374.857,399.43,437.27,426.432,390.608,356.252,342.847,338.799,302.805,304.235,288.905,248.794,270.202,281.666,347.377,425.514,466.678,503.646,457.962,404.312,362.497,344.988
11/27/2016,363.649,400.482,417.917,461.588,523.429,530.948,512.539,459.788,387.957,351.936,332.938,269.663,221.605,198.259,157.768,114.184,114.631,119.669,127.091,129.22,115.17,119.188,125.26,163.415
11/28/2016,214.141,205.789,171.178,190.971,236.909,287.092,351.804,433.63,375.36,352.711,318.653,240.11,211.007,211.965,244.968,367.718,442.238,553.859,636.807,711.1,771.48,850.625,810.926,762.006
11/29/2016,760.034,860.213,863.556,882.512,896.696,904.651,899.187,843.077,797.744,674.322,615.574,503.024,324.014,195.173,194.871,177.955,129.839,149.105,181.503,221.524,239.277,190.812,161.272,154.827
11/30/2016,145.502,145.214,161.574,154.579,200.719,238.913,320.221,404.898,513.604,551.228,548.989,386.609,496.014,505.392,515.81,648.861,537.184,474.842,573.858,712.669,681.469,662.575,863.819,929.255
12/01/2016,846.453,841.08,776.219,768.943,785.498,789.695,881.585,786.373,720.251,700.541,712.138,729.465,734.696,738.313,764.583,750.382,664.323,682.598,666.94,664.029,651.469,616.769,574.943,558.177
12/02/2016,568.449,605.749,564.511,562.124,583.82,579.528,571.556,605.433,549.167,571.079,616.949,643.161,696.75,668.587,660.67,707.398,748.967,810.176,796.121,820.772,803.922,842.636,872.772,881.745
12/03/2016,894.854,931.805,943.901,932.405,915.102,903.266,884.809,904.164,899.056,873.242,845.025,818.114,760.893,691.634,706.923,676.697,647.407,618.506,599.577,594.232,534.707,469.171,442.079,409.539
12/04/2016,360.691,316.247,233.508,162.149,145.815,122.383,122.203,95.116,72.217,81.863,65.08,54.868,46.41,44.187,37.299,102.976,166.33,261.678,394.743,459.407,605.324,748.198,823.067,682.9
12/05/2016,505.823,398.002,479.203,598.595,644.384,679.697,613.319,570.798,605.493,717.597,708.177,639.107,620.516,520.213,434.048,328.64,216.047,203.371,234.268,256.875,213.623,175.207,128.733,127.142
12/06/2016,147.832,225.701,330.984,340.352,391.395,448.942,491.077,559.439,583.51,674.06,711.87,631.135,525.224,406.61,337.382,278.684,235.429,221.75,269.759,255.695,276.245,279.927,207.377,146.487
12/07/2016,113.849,142.014,160.786,182.705,208.123,234.798,286.783,304.431,393.796,454.27,398.278,393.887,400.343,360.286,314.151,291.837,222.202,207.229,203.372,229.783,252.211,236.403,288.193,373.896
12/08/2016,450.038,459.449,464.109,418.58,363.693,314.446,319.824,325.277,359.211,409.502,602.568,710.368,750.38,754.824,809.637,816.216,788.159,787.777,838.221,910.314,915.043,912.524,902.773,910.167
12/09/2016,920.17,902.146,862.782,815.808,776.855,741.71,738.71,723.84,711.106,673.153,703.118,733.339,711.573,673.034,702.592,703.94,670.815,646.235,691.798,660.574,618.755,605.665,588.503,565.329
12/10/2016,529.012,476.092,421.243,423.367,347.14,282.227,306.908,296.993,354.77,391.21,403.495,390.977,410.05,409.755,376.608,350.917,305.182,265.982,254.87,273.55,279.468,258.884,243.816,208.862
12/11/2016,217.939,178.235,152.755,131.921,108.051,84.01,47.692,54.064,76.502,118.972,199.014,238.23,265.491,271.169,298.72,436.477,579.495,678.463,737.743,750.627,750.116,742.535,768.808,689.183
12/12/2016,563.5,479.328,464.147,485.386,550.96,589.543,591.586,548.496,544.306,580.549,630.737,614.787,627.754,649.286,677.43,648.191,766.808,823.491,814.264,811.941,773.9,728.271,642.637,556.37
12/13/2016,436.16,277.64,184.69,114.991,81.845,72.409,86.478,140.709,183.099,209.284,242.673,205.062,116.167,77.222,59.315,42.489,64.422,112.542,130.48,151.652,149.307,169.474,158.229,181.315
12/14/2016,275.482,305.05,345.643,406.039,417.068,399.217,512.49,526.265,514.626,589.65,593.783,501.702,415.28,300.762,258.523,224.2,243.365,265.026,414.94,533.123,616.092,744.794,788.815,795.525
12/15/2016,791.518,821.835,892.618,882.86,884.685,888.506,900.876,855.296,853.381,881.05,865.024,876.952,874.676,864.519,876.304,858.845,848.319,849.916,859.607,834.301,792.842,761.575,824.666,839.016
12/16/2016,786.255,697.763,570.038,496.749,457.162,407.706,331.282,291.302,213.84,106.915,30.9,21.288,12.594,12.84,43.038,137.149,302.94,431.07,499.643,552.313,582.309,602.573,640.627,723.251
12/17/2016,706.214,676.255,731.586,737.765,603.52,472.414,477.197,426.086,437.85,428.361,375.114,436.62,464.682,466.07,459.389,502.73,560.108,598.165,600.068,613.304,650.161,658.724,626.856,636.509
12/18/2016,705.275,732.803,644.464,595.543,609.673,699.391,716.072,763.985,816.021,819.944,844.148,808.149,726.658,717.293,741.374,697.396,682.874,612.821,550.987,562.313,578.701,521.447,528.477,481.127
12/19/2016,436.189,332.096,248.078,116.576,51.534,34.246,46.768,55.078,57.666,24.292,22.782,27.337,21.421,8.956,1.461,-1.935,-6.353,-2.992,-0.088,9.583,12.882,12.005,19.134,30.684
12/20/2016,39.664,54.213,77.382,98.902,92.547,106.39,128.192,144.159,133.893,83.097,58.677,36.518,47.418,64.386,125.795,220.394,359.721,503.334,605.985,656.535,691.281,698.378,692.668,677.913
12/21/2016,696.381,696.022,734.728,734.544,703.575,674.993,641.557,589.968,545.572,419.414,300.799,218.289,165.364,128.255,99.717,98.626,156.064,311.98,264.247,212.685,242.345,319.484,411.379,429.275
12/22/2016,385.253,434.49,638.513,706.201,692.916,680.761,680.481,702.081,646.714,679.81,751.778,809.277,796.369,811.089,802.592,822.577,797.806,781.489,809.17,846.004,875.8,815.263,785.711,796.531
12/23/2016,794.34,770.576,689.394,649.555,627.795,526.712,420.335,387.889,307.366,266.523,155.994,88.684,49.957,28.914,19.466,41.496,141.027,237.6,402.595,515.824,613.637,645.804,677.613,751.35
12/24/2016,779.712,746.918,641.61,571.175,558.925,655.043,696.585,753.453,803.142,805.954,824.512,793.081,812.011,743.406,684.674,605.184,524.058,497.763,547.338,541.147,487.335,454.637,425.19,391.793
12/25/2016,374.721,361.839,403.292,346.92,354.24,331.21,325.843,307.169,288.231,301.211,240.89,149.305,109.94,72.655,39.876,50.99,92.685,172.52,286.172,351.597,435.068,520.852,616.156,687.031
12/26/2016,734.26,730.602,794.389,824.106,829.893,826.288,805.025,767.616,783.027,809.361,785.615,779.685,744.464,707.412,668.955,705.661,725.909,774.609,783.644,800.933,815.755,885.18,909.581,894.37
12/27/2016,908.46,944.024,944.511,937.066,844.852,809.695,855.271,812.338,805.597,768.152,780.033,783.476,781.309,714.271,652.448,626.457,531.141,520.991,587.227,577.447,667.665,716.9,746.313,735.238
12/28/2016,711.279,652.438,629.185,626.068,680.577,738.725,761.207,739.265,648.28,490.619,310.238,151.551,82.363,52.248,31.6,28.326,18.518,14.391,42.827,41.419,96.09,239.22,460.803,690.177
12/29/2016,820.036,733.176,701.736,667.949,729.636,671.36,622.788,641.906,636.019,766.592,783.724,693.477,675.155,717.895,710.654,728.435,766.857,821.893,741.094,733.447,780.123,827.413,763.728,716.137
12/30/2016,791.514,805.599,824.044,827.209,826.593,816.941,777.722,811.411,827.751,794.881,887.697,855.854,839.51,876.556,913.997,882.553,846.404,823.021,865.66,908.319,890.31,784.939,697.802,619.644
12/31/2016,635.881,625.424,466.341,388.133,341.583,346.658,423.853,574.729,679.722,696.879,725.189,752.4,838.12,801.147,791.667,808,771.664,727.159,759.109,768.822,746.587,822.094,797.59,803.122
01/01/2017,742.037,724.837,708.449,800.78,799.869,732.895,592.121,412.805,328.259,221.944,150.734,69.477,46.498,20.5,6.587,0.622,7.39,43.116,77.379,159.716,221.02,308.75,421.517,472.975
01/02/2017,554.382,672.823,729.641,734.246,749.161,721.092,689.754,710.449,683.509,688.271,654.874,633.026,616.526,607.031,538.872,493.547,504.698,489.281,490.013,568.976,600.309,624.127,634.384,647.146
01/03/2017,638.324,624.611,630.464,670.025,660.593,692.512,745.117,774.512,732.502,716.019,741.426,705.086,632.344,546.588,353.613,229.118,222.139,250.076,289.881,309.864,248.515,314.019,335.266,321.562
01/04/2017,435.275,543.94,588.389,672.734,729.903,850.05,867.445,888.451,846.897,803.75,825.902,845.003,884.436,877.362,930.732,945.117,946.429,949.963,956.228,950.751,976.897,969.859,973.032,969.396
01/05/2017,949.293,928.959,847.612,793.761,852.672,690.626,600.911,415.401,276.362,287.503,260.125,219.801,219.688,152.447,127.905,94.914,74.621,62.156,99.441,137.266,121.741,127.056,144.2,174.265
01/06/2017,134.922,138.695,152.549,120.059,167.183,214.117,222.04,143.976,90.216,79.302,68.438,70.233,98.028,96.068,87.665,75.431,58.747,120.277,185.022,148.11,123.078,131.055,131.63,122.24
01/07/2017,124.155,114.502,110.392,69.24,57.432,97.23,101.376,100.354,67.703,56.43,74.118,107.576,206.146,290.602,423.774,518.114,569.299,627.725,675.248,724.297,789.318,829.094,812.681,804.983
01/08/2017,777.588,768.78,757.804,715.01,747.834,783.065,822.281,783.316,734.534,747.668,702.251,710.939,791.323,786.776,791.462,818.298,798.409,755.275,864.48,867.277,820.653,706.864,572.184,470.112
01/09/2017,419.93,458.726,313.944,258.175,176.683,159.559,101.672,105.948,140.627,160.265,222.963,271.901,223.804,267.099,307.508,353.248,410.441,497.401,518.225,551.082,523.804,540.392,514.835,500.522
01/10/2017,512.437,425.27,348.85,396.23,437.168,453.389,471.077,577.773,788.36,826.082,846.164,864.088,874.898,863.189,857.253,872.068,906.78,907.815,864.447,838.6,833.038,786.466,725.221,661.513
01/11/2017,606.244,669.205,683.09,661.147,673.176,665.259,643.934,641.934,608.705,548.629,333.065,203.978,266.074,315.508,277.738,434.927,614.609,761.899,774.603,773.779,678.116,660.932,737.335,752.924
01/12/2017,783.683,782.51,839.005,848.792,900.59,886.286,894.817,859.012,821.338,793.867,793.096,799.031,842.119,866.496,900.467,904.695,900.25,794.028,643.01,710.863,736.497,725.246,643.22,613.659
01/13/2017,588.26,526.725,545.479,632.062,642.006,590.975,538.701,543.026,543.578,490.591,433.262,405.661,401.948,386.265,365.112,332.829,315.236,367.698,327.741,292.742,279.805,264.174,213.804,132.785
01/14/2017,48.782,75.534,137.414,218.481,261.776,299.083,300.806,336.103,344.179,278.04,211.885,186.756,152.061,116.837,97.363,75.881,61.228,95.834,85.96,102.858,71.927,47.095,60.139,70.298
01/15/2017,106.036,140.293,171.034,183.126,187.121,174.191,189.724,209.616,149.063,91.08,83.782,67.466,48.228,28.586,23.114,27.127,34.039,33.545,33.212,29.475,16.714,8.058,-1.22,3.038
01/16/2017,12.731,29.809,47.767,84.265,102.405,143.377,183.09,209.375,226.3,164.218,103.167,67.982,42.128,22.212,13.1,13.917,28.513,74.492,74.918,71.136,66.696,88.248,106.398,104.245
01/17/2017,111.996,121.407,114.519,110.075,118.759,115.247,146.163,240.62,366.14,439.021,482.208,493.292,501.638,431.711,446.886,439.932,520.404,492.606,463.073,383.281,422.243,493.25,565.852,553.314
01/18/2017,540.501,541.847,513.284,470.649,459.198,416.385,462.668,461.077,450.662,506.566,526.608,634.663,697.314,686.758,633.336,637.942,573.391,477.035,403.823,283.877,229.7,199.823,223.6,308.499
01/19/2017,381.906,360.251,317.563,297.981,272.974,217.413,169.07,141.507,127.017,130.885,109.477,49.473,40.249,22.74,13.231,3.018,-0.091,1.868,19.125,28.628,30.003,46.454,103.075,163.508
01/20/2017,257.735,323.156,400.603,460.251,514.382,550.563,602.574,618.51,630.484,585.56,518.742,471.402,353.021,301.41,277.708,297.66,293.115,241.762,233.484,224.461,227.894,213.336,190.457,204.703
01/21/2017,242.153,229.555,215.205,188.485,166.3,163.006,175.932,137.707,83.579,63.564,42.814,42.761,63,80.875,100.209,76.374,98.67,122.382,147.572,139.791,135.826,134.122,129.07,97.084
01/22/2017,67.731,57.825,19.493,12.105,10.088,2.317,7.991,31.588,45.403,44.088,54.964,82.834,45.194,20.387,31.088,113.241,183.321,244.196,236.981,238.17,319.529,396.731,454.056,579.078
01/23/2017,699.339,738.85,744.718,800.621,854.693,838.799,856.708,863.789,881.544,883.055,878.569,851.336,798.73,713.006,606.364,593.101,562.032,461.356,400.16,339.047,239.67,146.884,56.933,19.077
01/24/2017,12.092,10.473,22.575,34.663,39.12,62.116,76.991,114.613,177.03,199.039,234.298,266.586,257.854,274.936,294.938,322.801,324.096,323.06,295.266,312.639,320.125,326.993,328.741,324.181
01/25/2017,325.722,347.239,378.655,397.145,397.892,430.001,445.027,384.788,364.689,277.281,197.856,188.266,213.755,196.348,124.027,93.453,139.067,274.352,426.161,609.582,715.311,762.614,733.586,757.714
01/26/2017,607.285,488.078,472.808,651.945,727.679,770.937,738.909,718.326,755.088,773.321,852.259,877.944,918.696,902.161,875.616,901,921.969,984.178,994.51,998.453,989.308,971.451,949.255,908.253
01/27/2017,913.574,884.702,832.996,789.76,810.502,798.961,767.604,700.461,687.248,660.046,602.38,652.037,677.281,677.898,698.626,679.157,735.947,714.748,684.095,784.776,828.08,807.418,810.433,789.281
01/28/2017,802.989,764.998,756.644,732.314,650.024,537.055,458.25,486.687,455.508,468.47,525.104,574.222,528.908,485.939,435.974,436.071,376.775,315.202,293.087,314.718,304.358,345.063,394.343,497.252
01/29/2017,531.698,530.849,415.898,312.315,295.991,277.832,232.089,205.195,222.576,228.294,191.638,212.768,195.316,202.974,189.318,148.562,143.8,82.029,80.713,73.906,72.35,80.152,66.86,62.071
01/30/2017,51.337,34.507,36.587,36.41,41.88,33.868,37.194,77.939,141.039,176.381,218.535,309.392,370.376,408.58,436.09,402.664,369.262,338.2,326.738,278.958,129.476,113.197,68.405,87.809
01/31/2017,126.742,128.896,88.831,224.887,428.778,578.195,673.401,620.039,591.917,633.776,706.186,749.812,744.292,674.405,638.726,613.967,612.028,588.311,627.409,645.88,665.517,710.098,754.635,805.844
02/01/2017,845.029,861.567,853.111,843.752,766.59,647.259,605.905,593.517,563.551,574.052,585.546,558.134,518.059,545.697,520.65,496.033,432.6,371.042,339.124,315.576,379.737,358.226,328.441,345.517
02/02/2017,363.916,478.922,470.723,485.38,468.204,417.831,401.993,367.568,410.59,539.398,553.456,563.99,551.393,662.993,673.864,705.311,621.852,486.211,431.094,494.282,565.937,605.127,557.159,414.213
02/03/2017,344.919,318.227,358.481,317.696,281.212,264.134,308.682,298.135,300.972,297.779,282.023,298.415,328.425,428.709,496.795,494.23,532.521,506.124,560.125,660.64,767.061,889.348,922.166,871.066
02/04/2017,853.202,821.587,808.284,771.001,763.968,716.278,615.488,598.254,541.803,423.778,321.118,247.535,256.156,293.168,287.421,233.875,161.19,85.575,100.106,199.326,342.437,433.893,488.992,464.796
02/05/2017,532.286,575.973,647.119,675.562,675.944,715.494,687.188,655.778,632.533,644.32,674.346,711.588,737.823,735.075,757.929,644.578,601.307,694.27,765.031,806.513,893.411,971.593,954.958,785.416
02/06/2017,719.519,700.176,727.52,723.561,676.233,559.669,286.43,208.159,239.397,206.044,194.122,186.492,166.473,171.393,180.678,199.468,151.872,149.038,280.975,493.666,535.162,522.153,500.549,474.579
02/07/2017,403.719,374.4,445.101,452.964,371.949,349.98,346.378,407.145,456.41,491.702,503.912,594.012,601.562,625.343,611.923,662.535,609.18,669.01,661.596,615.034,805.065,861.511,828.297,721.898
02/08/2017,805.543,835.047,890.44,887.313,879.73,801.824,751.199,770.861,718.28,610.968,361.258,231.477,230.135,174.123,121.821,55.873,20.118,26.811,58.209,108.972,114.859,133.029,166.337,209.04
02/09/2017,290.804,267.324,456.837,518.222,615.107,692.76,811.401,886.256,924.496,929.078,866.714,855.194,930.875,997.439,1014.763,1027.592,1012.745,989.67,942.052,917.473,943.058,933.486,900.466,906.406
02/10/2017,952.54,977.075,972.791,943.044,954.436,926.519,920.047,798.69,643.573,602.384,453.124,280.605,160.842,124.451,83.596,99.79,165.493,287.795,469.358,518.931,539.697,642.128,776.528,849.547
02/11/2017,831.646,768.452,805.437,808.371,796.868,755.083,747.918,723.988,716.06,646.079,625.823,613.849,591.165,565,474.201,374.163,321.974,233.374,235.767,184.56,113.863,73.272,78.136,80.469
02/12/2017,124.022,170.121,202.393,321.219,501.156,562.235,634.855,599.271,500.011,427.306,373.307,342.904,399.337,479.055,558.26,516.684,542.064,559.989,623.898,585.883,587.42,459.569,618.951,660.75
02/13/2017,674.629,679.627,681.988,700.215,720.403,747.647,753.657,762.265,811.628,818.33,824.261,843.324,862.47,853.934,880.998,870.302,851.884,824.032,701.826,577.847,523.051,434.023,409.628,353.722
02/14/2017,332.562,303.677,267.24,254.165,243.1,243.318,275.151,267.339,273.685,309.788,321.744,387.41,488.572,489.53,530.597,516.118,450.827,406.296,520.573,612.597,634.791,653.116,660.155,644.914
02/15/2017,633.044,545.346,475.575,467.92,456.05,481.136,491.121,485.786,562.071,567.539,526.799,669.159,766.169,816.88,879.574,899.124,871.362,870.534,844.332,924.121,961.413,971.124,988.499,972.205
02/16/2017,917.359,878.763,831.789,813.715,815.215,860.824,874.407,897.733,932.569,941.144,946.008,941.885,954.388,953.98,966.08,970.657,974.768,949.083,897.027,801.372,773.278,728.69,658.531,581.264
02/17/2017,453.824,467.531,418.686,400.433,411.671,372.002,252.768,225.908,200.896,140.127,75.884,45.805,37.775,35.345,31.844,24.074,22.475,22.304,27.031,89.017,195.94,265.905,368.353,531.61
02/18/2017,684.779,773.716,808.17,869.759,877.592,923.108,915.362,887.461,684.253,644.403,576.996,532.995,522.272,528.87,590.446,662.713,631.247,664.299,750.627,813.486,802.132,784.595,782.166,815.6
02/19/2017,857.706,887.658,874.377,842.341,794.906,735.363,731.043,719.237,627.175,552.36,412.199,370.499,466.774,589.943,649.049,599.676,493.909,475.728,550.14,644.307,736.568,765.287,755.383,693.847
02/20/2017,614.953,610.223,636.893,625.019,614.58,603.139,601.827,522.189,419.488,355.338,250.841,173.066,130.098,133.111,146.997,148.364,120.07,109.389,118.254,154.596,157.936,182.99,271.16,324.649
02/21/2017,431.709,590.525,717.926,779.073,808.423,834.231,832.409,800.609,725.543,585.883,491.741,369.647,410.741,352.91,376.346,406.084,429.798,457.614,458.014,439.8,441.068,429.66,471.29,415.829
02/22/2017,342.693,266.002,257.304,279.697,239.879,246.569,220.899,178.734,164.913,132.382,69.239,52.963,26.323,19.292,13.915,21.798,27.994,42.493,72.892,91.016,163.891,251.454,272.192,321.41
02/23/2017,359.641,354.821,408.41,437.778,383.03,348.517,331.811,299.788,301.606,295.656,289.262,253.579,307.303,315.413,364.283,323.134,241.186,144.47,140.002,161.107,144.034,128.277,100.585,111.517
02/24/2017,116.245,145.577,160.986,189.952,208.274,279.044,353.311,384.975,332.976,266.748,240.615,241.624,294.868,321.238,353.138,433.979,482.845,516.051,665.967,778.295,745.407,717.684,723.498,735.021
02/25/2017,711.988,696.428,701.308,698.839,628.475,609.944,482.853,452.995,548.305,579.108,569.35,716.504,828.831,786.432,769.208,854.713,957.18,779.542,710.569,767.58,799.891,855.378,880.771,905.926
02/26/2017,903.462,918.831,862.572,853.698,821.2,781.065,680.411,651.731,728.218,695.695,619.226,556.364,518.556,572.983,539.966,397.192,280.154,188.057,129.838,200.303,368.94,539.583,606.925,676.69
02/27/2017,687.485,639.752,585.267,530.631,506.232,456.297,460.698,420.135,357.05,255.99,242.593,205.907,169.866,175.205,180.728,226.205,247.327,199.429,187.731,181.8,258.202,336.258,370.406,407.984
02/28/2017,446.679,406.041,386.152,343.224,301.088,204.098,143.727,145.523,129.229,86.727,104.5,138.649,194.279,332.18,478.373,535.257,563.435,512.123,518.293,511.727,460.727,557.424,652.402,588.373
03/01/2017,540.246,557.344,628.801,672.78,640.184,610.155,641.266,676.586,750.228,730.318,723.944,678.082,813.252,639.336,822.761,812.511,800.957,808.326,743.666,773.881,828.334,794.459,763.446,707.256
03/02/2017,707.214,728.86,641.934,643.374,656.114,716.309,786.839,836.258,879.757,914.148,927.326,921.907,917.031,913.746,903.971,889.595,816.835,673.708,607.275,572.147,511.548,492.198,445.445,403.573
03/03/2017,357.159,279.624,294.706,309.87,320.687,298.769,221.608,209.871,295.975,461.306,481.661,554.649,566.867,635.593,751.445,864.663,854.787,893.512,801.01,679.414,613.51,541.793,480.486,419.364
03/04/2017,449.288,488.268,470.25,524.787,615.047,622.32,626.487,602.773,691.181,748.636,743.399,786.052,813.846,802.955,765.915,729.03,672.625,584.61,483.849,408.991,366.08,353.437,284.001,272.095
03/05/2017,230.927,177.629,160.895,173.137,150.596,149.477,181.471,175.411,121.048,83.942,64.971,49.737,35.341,24.001,15.791,10.648,10.949,30.034,88.34,134.605,156.903,174.907,204.473,224.654
03/06/2017,290.408,317.037,324.79,327.97,313.452,390.577,412.517,436.529,399.302,329.427,260.982,180.168,130.617,139.786,162.825,195.121,211.261,347.561,485.985,540.872,536.512,561.041,602.62,584.57
03/07/2017,581.224,560.499,490.85,476.89,533.053,525.201,599.6,654.301,667.869,640.866,528.554,462.773,526.511,547.286,607.825,576.323,588.269,634.39,620.616,639.756,698.258,746.819,764.168,775.133
03/08/2017,847.891,883.376,778.891,704.636,602.083,564.981,574.101,626.383,565.885,673.706,777.24,797.338,579.296,506.805,627.511,717.962,710.088,831.657,881.918,901.526,880.117,887.118,887.303,916.823
03/09/2017,899.075,914.054,905.104,878.46,846.551,823.788,816.174,812.149,866.807,874.751,854.233,857.828,909.151,877.815,826.708,774.09,649.869,496.809,378.283,354.575,316.078,263.643,222.203,181.634
03/10/2017,143.506,98.292,39.479,15.084,26.921,89.409,295.355,306.621,230.323,439.696,459.295,545.29,647.114,766.715,807.577,834.26,902.652,920.995,936.897,945.323,924.631,897.269,892.833,888.673
03/11/2017,850.765,841.476,872.56,885.006,896.348,876.985,824.863,730.935,740.515,815.52,867.051,889.621,891.742,904.92,897.17,905.242,872.095,887.055,779.818,752.405,707.521,618.463,611.93,563.889
03/12/2017,463.963,432.406,0,352.982,289.771,256.947,236.305,236.896,223.601,186.468,273.797,391.548,456.326,493.964,511.523,508.155,473.322,472.631,480.154,387.487,317.015,260.116,204.814,192.817
03/13/2017,145.907,113.097,122.222,119.909,180.086,251.019,325.622,366.245,356.548,401.315,387.849,340.856,354.235,390.307,428.586,420.122,343.137,332.992,405.984,507.294,580.49,627.816,654.937,586.886
03/14/2017,493.697,455.718,404.208,326.631,278.031,185.213,194.065,229.522,272.994,348.132,463.899,582.805,695.576,796.874,855.925,892.746,928.808,947.921,946.813,875.559,889.844,897.945,896.161,902.315
03/15/2017,881.01,886.451,889.114,905.199,893.485,882.654,854.45,806.027,811.145,826.854,824.153,776.522,778.127,723.545,740.406,614.194,586.478,592.184,584.819,582.731,646.48,791.761,845.67,817.68
03/16/2017,840.384,812.17,803.345,806.889,813.986,813.265,825.227,830.099,812.254,806.936,737.246,791.691,796.428,793.56,801.867,800.942,803.778,807.441,797.243,698.439,750.977,788.679,786.615,730.562
03/17/2017,651.162,564.803,560.072,589.677,622.781,572.413,560.226,522.927,448.89,246.884,146.197,142.071,101.237,80.8,65.823,45.75,36.62,34.198,24.905,86.517,168.292,210.795,221.373,218.665
03/18/2017,170.481,175.691,149.699,127.544,159.81,192.178,241.556,248.879,254.772,263.111,216.131,183.537,162.252,96.43,66.998,70.531,65.505,84.133,96.91,145.329,154.529,156.372,114.801,78.744
03/19/2017,73.014,93.702,112.834,112.734,107.313,111.071,110.353,70.916,40.838,15.74,13.497,25.587,42.55,52.808,99.168,127.504,197.253,238.823,266.919,290.781,312.411,295.668,280.981,252.974
03/20/2017,252.463,251.56,270.201,289.132,344.724,420.677,378.573,265.058,158.159,68.064,43.405,66.075,43.776,28.659,27.427,15.349,7.34,1.012,4.506,20.055,42.398,45.764,50.239,42.401
03/21/2017,66.655,96.498,51.906,46.344,69.736,129.94,141.66,127.624,138.477,139.25,116.736,140.016,159.345,219.001,259.975,324.687,459.702,496.193,409.958,374.586,437.679,559.671,595.048,640.917
03/22/2017,657.942,732.285,780.873,809.773,890.309,920.103,913.175,937.567,950.421,914.783,932.122,920.513,902.988,894.302,905.761,907.464,854.681,781.523,627.221,495.107,431.627,436.22,409.144,402.291
03/23/2017,402.021,374.553,343.64,314.261,281.297,228.484,156.26,81.316,23.15,10.641,4.87,1.615,3.103,5.141,15.443,17.293,14.653,28.896,57.886,139.215,239.416,331.132,451.908,570.62
03/24/2017,679.824,723.656,779.196,792.274,744.818,718.38,666.257,745.438,658.313,651.972,581.658,566.282,494.34,477.768,484.351,499.839,532.998,596.167,569.172,492.661,410.624,454.057,505.482,472.837
03/25/2017,467.031,478.147,548.342,598.737,604.071,518.843,431.356,397.118,309.313,291.286,272.902,255.713,193.137,187.253,220.69,114.3,98.464,49.428,59.116,89.549,113.65,159.631,270.761,347.635
03/26/2017,408.159,479.756,550.652,589.997,620.831,612.884,558.077,583.984,604.191,593.822,585.531,689.455,731.939,721.315,727.815,736.438,646.091,718.175,738.091,775.88,764.489,702.999,632.076,765.469
03/27/2017,749.229,726.989,721.897,685.998,587.798,469.679,490.744,470.1,371.237,286.046,235.516,238.579,266.88,283.819,268.863,247.398,205.896,173.307,118.505,70.19,76.174,68.34,85.492,113.931
03/28/2017,104.652,116.109,158.604,172.816,117.851,91.858,126.984,123.008,120.647,79.287,74.224,52.477,51.859,42.499,40.121,67.056,111.72,173.06,263.578,315.247,411.769,467.296,504.654,497.535
03/29/2017,463.816,546.563,515.311,506.966,463.749,407.751,335.99,306.619,289.594,268.27,243.556,251.738,285.566,322.836,314.748,329.935,363.85,369.108,357.974,313.193,291.038,299.149,277.434,261.843
03/30/2017,323.801,399.666,378.723,311.749,362.187,418.572,415.684,393.1,391.571,385.875,416.263,436.207,426.682,399.348,476.673,498.246,530.148,550.265,621.794,656.978,706.939,712.79,777.535,750.108
03/31/2017,735.661,765.621,833.776,758.353,687.857,691.678,668.822,662.885,590.05,559.724,614.011,643.997,563.275,506.516,536.497,526.852,399.121,305.975,295.138,362.397,418.313,372.917,323.385,282.246
04/01/2017,307.638,355.172,377.062,439.982,455.561,477.034,528.384,492.706,474.485,495.018,556.067,663.837,635.57,586.437,599.168,586.366,551.404,609.185,667.702,571.899,495.91,547.652,484.427,411.975
04/02/2017,386.932,393.327,392.886,446.321,392.007,370.037,342.665,300.205,236.039,164.617,117.665,91.368,127.957,185.375,238.933,281.95,252.176,239.446,195.038,101.286,65.645,50.837,51.112,60.737
04/03/2017,106.243,179.95,233.049,253.321,262.512,295.498,283.261,283.715,295.546,216.468,209.765,238.406,322.672,396.59,465.806,578.671,673.544,742.558,831.227,907.991,904.341,937.887,886.02,796.198
04/04/2017,629.138,540.147,542.581,479.082,447.146,420.148,393.272,392.294,404.531,378.207,396.316,544.308,618.077,642.539,685.739,742.311,774.239,747.333,723.565,702.261,666.403,631.443,592.948,671.857
04/05/2017,717.537,775.477,812.109,728.661,666.143,548.857,404.264,311.19,265.798,141.215,66.041,20.137,0.391,13.031,58.084,137.967,238.576,355.566,493.102,624.528,808.488,929.044,919.481,928.764
04/06/2017,932.757,926.625,868.907,883.119,896.766,871.622,698.662,744.401,743.709,699.85,561.972,457.164,551.005,410.256,272.427,287.472,343.553,526.52,667.669,709.338,792.319,935.532,950.791,929.074
04/07/2017,857.012,800.781,773.613,766.181,759.018,744.406,759.015,801.866,822.174,856.227,894.541,926.776,952.245,971.915,966.563,979.497,992.276,978.723,977.978,993.06,988.844,977.231,969.328,959.732
04/08/2017,939.488,910.415,889.727,879.506,925.168,954.036,941.364,942.838,928.209,898.781,789.585,761.15,781.523,707.628,663.658,680.275,684.319,667.384,598.178,515.051,490.666,508.105,500.024,461.575
04/09/2017,358.09,291.976,228.778,189.493,164.876,100.179,73.723,47.295,20.612,6.071,15.715,32.648,44.795,63.133,60.935,61.368,59.231,74.516,110.01,175.495,336.095,493.537,605.976,588.978
04/10/2017,589.191,622.719,611.982,567.655,525.115,612.538,708.893,714.571,591.667,516.171,545.274,505.451,465.329,416.195,436.946,522.101,495.104,431.997,325.488,257.78,319.511,403.05,496.215,457.652
04/11/2017,457.36,437.443,455.535,464.63,452.161,494.027,555.414,472.787,251.875,144.631,113.226,220.749,371.869,404.557,350.091,270.383,217.596,188.346,137.56,109.677,375.501,339.087,329.735,376.936
04/12/2017,450.75,361.923,302.588,344.06,263.645,278.415,308.199,301.765,308.716,216.103,182.159,183.01,175.016,232.064,272.478,325.131,362.206,440.102,448.022,387.224,366.274,403.512,419.72,402.653
04/13/2017,347.826,334.675,273.561,268.718,258.965,302.692,319.501,317.144,268.225,191.875,190.547,157.616,143.124,152.159,198.628,167.485,106.497,95.533,73.207,34.167,53.314,86.042,105.572,99.031
04/14/2017,97.529,112.342,159.615,170.133,167.849,162.044,167.092,149.057,87.143,55.828,36.539,16.025,1.767,-0.898,1.199,4.707,3.339,0.504,4.837,27.372,91.191,151.952,192.226,270.854
04/15/2017,352.008,416.464,450.92,476.566,492.136,503.528,538.257,474.709,395.209,320.1,302.749,310.605,299.153,367.724,418.512,430.473,425.923,358.566,352.694,256.285,315.874,411.332,500.072,549.154
04/16/2017,576.129,597.203,529.507,529.304,550.802,559.995,556.744,550.685,604.324,574.654,583.07,618.57,656.821,728.574,726.924,744.154,786.373,766.373,697.188,678.387,579.746,557.242,576.507,562.635
04/17/2017,529.807,523.692,467.382,385.172,346.334,363.425,335.977,269.327,225.457,244.227,257.407,218.781,269.319,331.515,343.253,340.883,376.456,365.815,314.084,277.407,209.026,179.213,145.007,104.91
04/18/2017,99.102,137.141,141.901,168.178,191.406,154.352,97.515,61.268,29.097,4.195,1.971,6.519,4.466,4.868,4.188,9.695,20.135,31.939,54.697,123.741,311.734,512.84,624.09,715.771
04/19/2017,809.929,823.098,736.046,726.547,764.085,761.287,758.916,791.113,764.811,763.235,665.859,632.227,583.333,533.521,510.001,465.095,442.92,405.924,392.178,420.256,385.274,401.964,385.801,358.757
04/20/2017,380.086,374.364,203.218,253.901,246.302,262.577,147.467,126.741,74.751,49.07,38.075,57.795,115.354,144.003,62.159,76.133,185.969,183.661,267.244,327.881,385.059,431.502,558.421,674.529
04/21/2017,535.979,410.477,344.924,370.294,370.882,327.177,312.639,292.553,284.282,243.554,235.648,285.135,267.134,276.019,355.201,431.824,384.921,326.63,278.195,226.503,209.47,216.408,269.623,208.261
04/22/2017,204.321,203.041,204.604,180.513,99.763,92.314,126.005,111.92,95.656,106.088,87.454,81.286,109.689,127.975,192.884,200.004,213.17,223.605,237.611,216.267,253.485,240.455,250.975,256.768
04/23/2017,236.044,248.449,266.513,245.642,215.412,211.676,207.707,157.42,129.02,120.489,53.278,28.591,17.352,25.726,34.229,36.917,55.674,50.816,53.317,75.899,88.879,110.413,151.528,190.502
04/24/2017,197.316,221.759,230.859,215.588,224.802,189.567,195.313,246.656,296.452,272.086,325.701,415.16,406.974,362.865,309.229,318.98,418.768,425.716,513.518,575.19,648.507,680.217,709.184,699.081
04/25/2017,609.275,543.301,566.192,602.573,566.005,529.5,518.9,468.05,455.92,369.54,338.033,398.708,399.49,527.996,597.707,542.25,535.944,579.455,473.178,412.852,414.397,419.41,361.987,302.678
04/26/2017,267.828,161.579,106.138,79.292,60.788,80.215,72.676,34.957,21.51,12.716,-1.644,-1.513,-0.68,-1.938,-2.309,-2.749,-0.555,4.395,28.621,75.311,157.501,243.835,312.389,372.339
04/27/2017,413.503,436.634,401.633,355.494,291.914,271.193,274.419,329.848,329.584,273.436,228.624,273.969,330.059,442.873,469.891,513.375,560.038,559.581,508.382,473.931,529.9,543.163,531.867,418.938
04/28/2017,300.705,276.336,294.193,303.126,327.448,271.913,200.177,136.507,70.706,43.141,55.807,48.804,62.446,56.639,57.649,85.798,67.389,34.238,44.156,56.467,74.228,59.56,84.067,111.928
04/29/2017,172.257,252.459,413.381,385.465,469.852,567.393,626,608.146,683.656,566.208,409.13,352.057,356.881,565.105,632.249,373.117,348.274,323.542,279.329,207.195,135.829,87.583,77.347,140.698
04/30/2017,207.362,273.171,294.326,341.191,420.699,326.136,304.065,298.073,293.891,234.793,183.037,169.679,192.17,216.322,259.863,301.726,379.71,424.597,472.513,501.385,531.45,603.903,576.945,584.203
05/01/2017,556.678,535.937,542.192,518.725,506.259,523.196,525.545,501.13,449.032,426.984,460.271,505.052,563.564,685.279,830.681,830.469,829.052,756.852,735.093,619.773,587.79,640.933,598.17,566.15
05/02/2017,485.191,361.232,427.859,390.108,306.523,318.482,387.309,464.091,494.808,607.182,684.082,773.073,812.794,872.899,879.464,907.266,879.553,889.32,862.4,797.048,743.375,715.821,645.975,583.733
05/03/2017,654.56,685.382,703.03,672.488,583.338,580.666,563.578,562.329,565.922,553.893,615.293,667.808,676.336,602.927,508.802,421.121,364.37,283.182,203.231,129.459,94.434,119.651,138.746,133.118
05/04/2017,111.936,175.415,235.3,421.048,499.846,573.712,603.573,622.426,663.528,733.824,764.675,742.982,717.283,650.569,636.644,684.453,766.065,786.778,844.712,843.438,892.176,864.675,810.417,826.636
05/05/2017,891.778,924.154,878.516,878.732,907.388,912.123,888.686,920.629,910.03,932.891,886.378,822.48,806.665,686.875,582.77,535.655,500.53,538.585,503.88,468.305,376.437,364.906,373.219,359.145
05/06/2017,333.382,264.228,237.71,235.173,307.662,362.442,445.843,515.481,567.944,609.355,682.981,620.754,634.634,688.636,656.45,595.13,571.474,559.828,547.957,567.031,613.615,631.968,614.086,579.958
05/07/2017,505.851,480.545,486.31,529.564,545.435,562.556,608.958,588.95,598.666,579.769,580.336,579.182,605.185,618.441,606.166,584.918,528.173,533.704,526.489,450.431,422.593,388.532,371.752,398.54
05/08/2017,474.681,449.636,420.061,417.634,392.994,380.273,302.77,203.166,178.935,206.929,337.669,470.862,434.776,486.129,559.957,562.781,585.907,542.694,457.454,346.124,260.061,247.644,312.472,357.865
05/09/2017,252.31,229.584,192.097,130.438,93.171,93.538,74.092,48.062,26.017,33.91,60.387,67.471,73.679,62.669,54.568,64.011,55.04,77.884,92.878,83.277,63.699,39.843,45.359,69.613
05/10/2017,47.575,57.844,51.051,40.039,44.79,37.928,39.722,28.964,12.992,4.423,11.586,28.784,47.579,49.3,55.136,65.019,76.857,57.595,45.237,33.91,41.904,59.407,59.385,71.225
05/11/2017,108.821,179.779,218.035,295.249,329.588,336.304,353.071,382.733,322.85,327.154,352.831,302.815,288.233,308.475,306.694,254.557,211.189,170.538,137.843,228.626,207.769,179.158,205.104,237.945
05/12/2017,293.806,336.671,375.549,404.095,386.56,397.454,388.772,420.573,424.015,423.541,434.42,447.434,396.007,398.964,377.713,361.75,362.644,338.012,338.151,365.395,321.501,273.389,294.996,282.658
05/13/2017,270.928,213.343,218.844,185.707,139.101,138.149,106.332,83.207,55.296,29.373,19.841,14.831,7.971,26.109,61.663,93.55,45.127,47.914,41.507,32.579,32.783,44.766,66.635,116.863
05/14/2017,156.298,199.048,194.394,186.674,148.697,159.358,282.045,238.588,212.515,283.567,382.946,467.603,650.222,751.205,761.744,789.303,717.983,668.776,790.478,944.865,964.537,975.85,916.266,854.144
05/15/2017,785.014,754.005,745.668,741.079,745.894,780.297,774.999,707.213,688.118,722.346,680.161,680.806,729.782,762.604,770.071,799.362,815.254,789.098,742.711,627.339,466.122,470.015,438.704,312.837
05/16/2017,242.362,195.352,222.57,198.718,138.771,109.452,72.986,28.488,16.705,-1.302,3.721,23.426,37.216,45.88,39.079,20.408,26.366,26.158,40.015,49.318,136.185,255.438,337.741,455.028
05/17/2017,579.672,661.225,651.496,582.71,578.369,570.803,597.108,508.664,365.545,359.396,519.692,630.843,617.181,532.554,459.995,422.099,381.476,335.944,290.836,198.287,276.924,295.803,278.836,278.943
05/18/2017,383.951,445.026,436.104,480.459,520.703,506.754,516.028,466.453,425.751,461.295,588.993,561.458,515.936,506.604,497.044,541.531,583.174,611.588,521.39,467.013,397.145,378.873,458.625,541.535
05/19/2017,534.766,569.054,572.177,565.368,539.246,529.885,496.465,416.718,317.008,292.848,348.769,363.913,345.146,385.365,339.823,296.307,264.505,294.067,293.925,297.457,306.974,260.141,245.942,196.948
05/20/2017,258.637,305.249,260.749,272.114,204.278,182.619,182.241,175.527,151.44,152.603,150.876,149.726,130.084,100.197,81.704,81.788,91.348,132.369,155.351,154.266,257.583,340.542,438.86,493.033
05/21/2017,492.716,527.045,541.148,524.568,539.228,573.658,552.181,485.954,608.788,693.417,729.697,751.793,744.559,712.323,715.512,667.362,656.116,653.887,611.688,655.035,690.75,689.862,706.397,661.556
05/22/2017,626.078,610.837,533.976,458.569,421.728,427.077,345.178,233.775,252.074,210.13,189.32,216.677,263.928,284.376,249.247,261.332,301.444,318.449,240.137,136.944,115.037,131.054,210.178,202.56
05/23/2017,227.654,208.826,205.709,170.034,205.497,177.541,133.983,115.452,113.962,122.848,204.086,231.381,218.97,208.983,178.6,163.644,141.346,146.722,144.564,117.641,128.772,140.786,137.521,110.234
05/24/2017,118.471,79.103,80.576,108.166,177.895,227.241,246.706,297.663,295.08,307.467,327.078,375.646,420.055,478.759,532.379,555.526,600.981,692.15,689.379,662.876,719.419,736.016,767.695,696.698
05/25/2017,728.232,725.253,728.213,769.859,729.651,546.473,469.989,546.514,564.726,498.081,382.287,331.657,322.112,266.346,157.922,112.123,91.431,84.001,117.02,88.856,127.321,205.947,272.151,263.572
05/26/2017,236.262,232.781,284.139,349.704,407.773,496.285,579.706,637.225,612.109,574.026,539.877,558.222,598.347,620.5,661.012,698.049,655.72,592.513,485.469,418.282,345.556,281.777,323.143,335.615
05/27/2017,239.028,194.895,200.62,189.186,103.542,86.43,87.057,61.501,25.435,0.843,-2.92,-3.38,-1.034,3.697,2.368,0.058,-1.232,-1.985,2.535,-1.104,1.518,2.232,4.802,8.485
05/28/2017,22.607,33.223,55.531,77.709,99.59,92.277,78.113,109.18,131.264,168.953,158.301,192.32,224.873,267.16,282.458,277.556,280.801,322.371,372.992,412.355,404.53,368.081,343.944,357.076
05/29/2017,394.802,405.684,409.765,341.546,378.151,353.994,308.62,404.061,409.702,381.475,319.183,301.876,306.087,273.169,249.219,240.776,222.383,183.085,104.939,80.675,119.387,172.701,206.714,212.698
05/30/2017,269.997,339.135,370.927,350.006,321.85,308.54,252.824,216.308,196.877,183.295,225.623,230.577,247.585,371.906,468.621,494.403,496.229,437.987,375.306,285.887,245.484,219.052,220.293,273.192
05/31/2017,210.069,155.298,119.722,65.505,78.823,90.148,100.767,88.351,43.363,26.522,66.342,120.944,231.54,303.25,302.25,359.292,382.86,338.355,397.225,262.191,281.905,268.844,289.931,293.824
06/01/2017,333.982,362.373,361.483,317.787,297.139,271.746,248.32,178.093,185.625,249.795,315.692,368.23,372.122,341.462,317.44,323.064,358.48,347.613,342.161,298.914,279.016,338.006,312.866,197.468
06/02/2017,105.709,77.911,80.409,91.863,160.088,257.221,319.19,303.568,216.186,279.736,460.076,639.403,714.649,746.653,719.711,733.304,691.089,560.411,455.485,363.356,288.918,291.463,254.868,208.825
06/03/2017,180.682,220.787,323.492,436.02,547.378,557.471,448.001,380.304,346.636,298.172,204.375,273.81,437.413,560.615,588.525,567.723,547.682,494.231,419.59,252.138,160.52,141.381,122.862,96.991
06/04/2017,40.765,16.753,16.804,33.285,68.944,140.918,196.002,231.746,275.345,327.108,374.866,309.912,297.565,350.095,367.652,320.583,328.194,330.436,304.017,267.127,294.244,288.239,415.802,502.947
06/05/2017,465.112,476.274,503.536,419.899,329.124,298.013,299.027,242.637,218.745,213.821,241.691,173.905,83.942,91.365,109.87,108.853,74.556,87.285,105.481,122.463,200.148,210.948,249.991,245.581
06/06/2017,158.896,121.267,148.79,167.005,202.709,217.383,238.958,254.862,303.172,240.719,211.527,211.301,231.157,210.169,246.764,230.255,249.939,285.947,235.778,237.627,248.439,230.542,198.08,183.229
06/07/2017,167.375,135.878,125.938,88.954,65.938,56.975,55.037,38.151,39.339,26.864,36.309,50.995,56.685,55.276,54.803,48.568,64.035,68.565,71.959,77.337,54.906,47.419,74.61,64.438
06/08/2017,63.789,56.139,57.486,58.567,56.267,56.586,54.159,30.14,12.198,12.083,26.235,47.738,47.766,43.534,39.546,28.04,28.457,28.26,29.433,25.732,28.803,23.048,28.624,64.382
06/09/2017,87.936,103.652,113.902,125.793,175.848,245.836,306.262,246.33,169.729,187.568,216.054,189.033,200.485,238.968,276.338,307.788,359.916,361.779,307.174,229.913,189.474,168.291,160.879,193.34
06/10/2017,248.938,285.909,357.58,404.621,490.52,574.895,567.33,542.836,432.546,440.965,469.647,392.207,402.297,404.236,367.389,326.231,287.227,236.882,170.432,134.062,156.171,249.76,342.183,447.624
06/11/2017,539.709,572.734,586.4,524.118,491.181,521.421,495.888,639.185,562.053,647.137,733.662,601.421,417.921,299.224,254.096,245.802,229.998,236.95,257.843,216.107,242.644,332.823,364.17,392.975
06/12/2017,457.001,490.597,528.226,581.885,611.968,591.257,501.913,328.387,203.929,142.611,162.549,132.211,102.385,91.485,108.091,138.881,173.031,190.382,163.242,109.88,121.248,150.241,171.884,205.386
06/13/2017,241.361,337.239,381.255,387.215,382.001,380.619,363.471,237.053,120.612,70.789,51.04,72.285,119.391,130.146,90.17,54.859,76.807,100.482,127.639,172.162,184.848,250.47,281.335,318.483
06/14/2017,312.058,319.449,298.487,208.26,165.73,177.366,154.157,107.57,80.546,37.159,18.629,23.211,23.742,9.284,0.554,6.019,7.972,-1.039,2.011,2.41,16.622,37.417,47.029,45.164
06/15/2017,57.96,84.496,96.176,107.019,140.369,149.127,181.839,186.481,141.236,134.229,163.641,180.097,217.788,223.678,284.128,330.422,426.761,485.452,458.388,301.984,335.026,449.851,512.657,487.956
06/16/2017,411.131,383.121,350.237,350.76,352.588,323.84,305.887,242.247,182.565,153.666,94.407,44.601,7.511,1.069,5.807,24.16,49.537,37.877,44.105,96.733,174.833,181.986,129.221,150.322
06/17/2017,182.734,181.208,169.837,140.413,115.7,105.55,72.78,28.409,23.333,46.955,31.916,42.198,55.835,71.82,96.177,118.136,111.198,116.262,149.144,177.086,230.705,303.32,334.841,338.685
06/18/2017,304.854,282.269,278.617,265.233,227.837,258.59,269.711,260.103,226.999,259.282,328.1,339.307,350.618,345.733,334.416,371.587,392.963,342.914,303.913,313.123,348.856,392.831,410.368,463.115
06/19/2017,404.166,398.776,376.81,362.771,433.985,380.266,358.805,249.465,149.366,213.769,231.838,212.887,250.157,295.127,260.878,206.845,106.922,119.353,138.36,170.718,140.644,191.211,203.568,291.5
06/20/2017,354.784,396.936,445.023,522.385,490.378,509.431,506.774,458.961,396.028,378.088,421.05,435.472,482.557,424.37,370.127,309.439,310.469,275.056,256.956,217.513,241.346,330.29,383.61,420.066
06/21/2017,476.261,521.016,549.223,555.355,484.104,398.566,358.251,252.823,177.897,123.249,108.702,167.521,219.127,258.79,327.663,301.213,250.603,193.858,145.506,101.257,78.898,79.87,81.946,73.052
06/22/2017,43.767,42.184,63.647,82.781,110.153,130.599,123.101,131.924,118.862,92.573,104.476,141.883,117.947,105.927,110.659,82.374,84.632,134.079,221.662,180.839,232.49,272.027,331.892,308.416
06/23/2017,367.836,418.244,392.512,376.772,371.101,304.9,285.798,327.976,403.314,386.007,419.222,454.997,492.656,488.519,583.45,476.568,378.693,395.18,382.731,377.555,416.85,367.663,316.913,245.611
06/24/2017,230.246,249.736,384.529,496.162,553.53,662.943,690.217,634.629,548.803,507.967,480.508,499.902,424.219,369.528,399.543,374.408,381.224,385.85,375.734,353.839,307.234,271.536,294.699,268.435
06/25/2017,258.686,218.274,201.215,176.626,133.499,144.459,149.57,118.26,45.151,37.543,126.439,270.337,318.283,383.245,442.052,462.483,477.503,478.92,448.407,391.914,285.445,330.279,293.174,246.08
06/26/2017,211.471,227.18,274.327,296.682,290.352,298.312,235.182,139.781,78.313,97.001,142.741,193.447,200.979,173.752,176.156,181.292,211.025,287.167,306.768,322.931,270.936,257.267,212.209,140.342
06/27/2017,151.335,187.986,253.99,373.358,244.626,214.728,208.487,195.549,161.618,145.486,195.051,271.517,369.42,464.988,457.641,495.47,393.244,369.48,343.862,311.844,300.821,313.129,330.277,321.851
06/28/2017,326.041,325.652,309.813,262.071,247.649,273.874,289.887,230.968,139.083,115.693,131.893,164.772,133.827,121.424,88.127,57.097,50.963,36.313,52.039,71.563,116.713,193.004,263.281,358.706
06/29/2017,413.974,384.808,377.79,360.725,391.112,416.626,400.005,365.438,294.607,270.042,216.414,280.064,265.565,246.785,265.493,300.301,319.29,326.799,317.434,287.424,323.415,449.137,526.121,594.548
06/30/2017,601.438,525.853,494.916,409.335,452.506,442.026,425.402,389.977,410.042,412.286,462.965,426.523,341.679,327.098,400.482,415.417,327.064,257.951,211.017,122.214,101.366,138.946,189.752,258.566
07/01/2017,284.603,313.737,321.754,323.152,299.483,292.02,318.69,283.473,254.171,298.581,313.476,320.452,316.141,368.322,394.092,471.006,401.529,333.649,325.15,261.362,281.613,306.775,349.017,351.389
07/02/2017,310.576,299.4,353.037,375.965,327.809,257.253,172.132,105.511,46.196,38.394,80.121,139.232,181.563,238.737,274.976,270.275,273.15,242.878,238.337,183.397,171.875,226.092,250.831,297.077
07/03/2017,378.437,418.067,506.552,489.479,461.006,417.482,373.575,248.117,107.549,47.491,69.459,107.781,123.937,118.606,119.703,124.932,97.915,66.529,51.307,60.286,57.41,61.389,51.691,52.566
07/04/2017,78.679,81.989,74.603,71.067,66.958,54.884,28.363,25.678,12.323,2.425,-0.816,-0.598,3.787,3.414,1.581,12.093,10.857,11.587,4.757,3.131,17.184,60.961,83.667,116.575
07/05/2017,124.568,144.789,154.198,142.831,148.429,157.408,175.551,159.573,134.913,93.742,86.401,102.167,106.254,116.327,132.294,166.061,202.632,273.606,313.086,288.015,306.314,360.977,396.544,402.741
07/06/2017,399.134,345.341,258.177,196.299,179.553,158.169,158.506,133.022,121.062,100.707,94.679,116.225,124.858,144.556,144.513,165.64,212.2,154.988,64.078,94.305,154.668,115.028,92.892,67.783
07/07/2017,278.414,275.537,275.248,264.271,310.775,255.318,210.614,212.934,133.88,142.963,172.917,237.062,240.435,215.67,201.588,186.786,185.215,165.582,159.065,155.014,126.537,238.299,178.79,130.96
07/08/2017,161.098,174.19,178.542,182.872,168.916,176.229,132.767,73.973,38.194,44.049,69.691,87.716,110.285,151.551,163.483,214.279,149.081,129.34,111.444,88.839,154.865,238.79,287.167,311.672
07/09/2017,369.808,359.928,299.942,239.283,241.892,249.715,245.881,252.36,249.556,190.49,181.68,190.947,238.675,377.085,479.351,528.54,520.303,590.082,494.513,450.4,359.086,366.681,403.475,384.035
7/10/2017,356.294,370.099,354.149,392.337,442.158,435.024,414.86,458.631,452.595,436.868,437.728,382.507,356.088,346.973,375.637,410.44,382.371,314.225,269.253,205.661,174.583,163.467,153.177,136.83
