PUBLISHDATE,H1,H2,H3,H4,H5,H6,H7,H8,H9,H10,H11,H12,H13,H14,H15,H16,H17,H18,H19,H20,H21,H22,H23,H24
11/10/2016,19.762571,19.984032,18.929553,17.663247,18.525029,21.346125,27.299651,28.985348,26.100903,24.522539,24.355678,22.76573,22.852853,23.194262,23.22497,22.576271,23.080981,42.491827,53.838285,49.282183,42.456099,31.542387,19.551447,17.810811
11/11/2016,18.527737,16.629296,15.228127,18.449043,19.582661,25.614603,24.933626,24.236084,25.637451,24.129223,24.133582,23.137475,22.028325,22.261526,22.474447,22.220794,22.59412,38.518076,23.652856,24.006966,23.604893,22.478088,21.716445,20.069561
11/12/2016,20.525198,20.422499,20.461475,20.73472,21.698832,22.535063,29.113215,29.391002,25.692445,24.027711,23.181651,22.170854,19.883423,18.422783,20.490357,21.42187,23.605678,71.342358,24.657742,23.453847,24.495869,25.878088,22.257006,21.582743
11/13/2016,20.62309,20.507325,20.018979,19.003231,19.911231,50.710066,21.432375,21.822382,22.041422,20.99319,19.006423,18.966415,19.118782,18.389105,16.413088,18.296804,22.154307,26.405996,23.164285,22.527967,51.94219,21.267659,18.848799,14.435231
11/14/2016,15.674203,17.962472,18.256031,19.201239,20.808241,47.255869,50.12919,29.321467,26.635086,25.824599,27.276539,28.997068,27.782434,24.915135,25.451695,25.173668,38.018109,58.721831,33.370881,26.998922,29.124784,24.843362,21.995545,19.829397
11/15/2016,20.361789,19.565912,19.243448,19.989943,20.634641,22.120757,34.226775,28.60258,33.697009,32.790792,26.711751,30.564419,25.487809,24.375394,23.86017,23.116575,29.037248,117.572139,27.672068,40.001188,30.155389,26.338816,22.432713,20.653731
11/16/2016,21.096207,20.743788,20.065082,20.358379,20.630399,21.885788,29.766326,30.206079,25.13889,25.148681,27.770404,25.586376,24.306463,24.090377,23.736978,23.075302,23.714142,59.88342,40.488068,25.476732,25.830825,22.803075,20.504515,18.974852
11/17/2016,19.426312,18.06011,16.465393,17.104212,17.912875,18.696613,31.427975,26.923206,25.434115,24.748254,24.152785,23.084074,22.74481,22.634633,22.263982,22.656131,22.173027,40.080117,26.631427,26.620238,26.302948,24.517267,20.240285,19.800133
11/18/2016,18.980874,18.409954,16.191933,15.229979,16.681948,19.984266,112.253448,24.223509,25.444066,24.426568,23.909546,23.59518,23.032428,22.556798,22.844828,22.741164,21.652122,23.905281,22.963622,21.915413,22.237341,21.628548,18.66309,15.983349
11/19/2016,20.135643,16.846883,16.247132,16.16666,16.676256,19.508858,19.979871,21.320681,22.300586,23.488264,21.878843,21.398307,21.685077,21.47486,20.81738,20.943843,21.399869,25.246478,25.147493,24.016009,23.111975,23.663137,21.170327,18.90147
11/20/2016,18.444667,19.267621,18.646061,19.827477,19.894508,20.448034,20.746827,22.321872,24.479897,24.063048,23.263621,23.351671,22.867069,22.802509,22.646211,23.56006,25.801201,30.107537,26.576382,33.216537,41.847058,24.464176,23.14787,22.273669
11/21/2016,22.358123,21.583557,21.417914,22.004994,21.201044,23.057658,28.301588,27.657759,31.425947,34.805173,28.785846,25.408963,25.115174,24.367734,23.468659,23.714682,25.385649,45.692715,35.900866,32.458158,34.476896,29.68335,25.213761,22.784241
11/22/2016,22.713924,22.704603,22.486369,22.685028,23.717406,27.943564,29.287129,33.384066,31.793261,38.531321,34.398133,27.333365,24.631475,24.237716,24.1579,24.518551,26.0517,38.700404,39.16205,31.812532,31.014775,28.232173,25.272205,23.205475
11/23/2016,23.290625,23.100954,22.71781,22.765545,22.54588,23.161806,26.240679,30.16433,28.179816,26.509721,26.785237,26.241545,24.973131,24.512299,23.928289,24.364996,25.525048,28.828533,27.919549,25.711099,23.620823,23.350365,21.276946,19.429375
11/24/2016,20.156918,18.534161,19.745941,18.401007,17.359813,18.17793,19.235504,21.924913,22.787015,23.52539,30.444092,29.267912,23.381803,21.528476,21.870287,20.209431,20.268268,20.673429,19.991884,20.47482,20.663773,21.581534,21.120923,18.922205
11/25/2016,20.174106,19.423244,18.294194,19.035277,19.594129,20.429513,21.69523,22.503326,23.158583,23.729164,23.462284,23.953686,23.357179,23.17342,22.934844,23.355782,26.49436,39.28766,28.65936,23.264893,23.524693,23.178847,22.649053,20.61887
11/26/2016,20.47338,17.789517,18.190026,18.39394,18.819069,21.36027,21.180219,22.559183,25.264442,23.299815,23.62376,23.980093,23.021935,22.336402,22.196582,22.360279,23.910363,27.003394,25.175298,24.450416,24.266564,23.651104,22.894173,22.02656
11/27/2016,22.80345,22.445194,22.314914,22.7263,22.725697,23.324673,24.656113,26.924726,23.948312,23.749514,22.866833,22.641497,22.193953,21.897768,22.405616,22.532215,23.627244,29.8198,31.122871,34.625705,31.11296,25.831252,22.200279,20.943142
11/28/2016,20.03649,20.777191,20.28493,21.477067,21.786551,24.381362,27.334744,33.157336,35.361378,52.376478,30.876514,28.872512,30.849754,25.758482,26.151962,26.246341,37.463444,34.200724,41.3266,37.604879,28.66442,25.226974,19.886296,19.373221
11/29/2016,22.838036,20.209026,18.727403,19.459222,21.660804,22.103911,36.511236,32.421346,29.871592,32.173422,37.711602,48.404528,34.510584,35.337228,24.930807,26.545707,28.691482,36.678068,47.099231,44.263911,30.76757,29.111398,22.882686,20.204716
11/30/2016,21.08893,19.751559,19.599899,19.733993,20.904547,21.747068,25.679378,27.058952,25.189072,27.93318,28.208272,26.960808,26.733924,27.440742,25.267767,24.748973,25.141972,29.312682,38.006375,27.090935,27.086451,23.425237,20.28682,20.197006
12/1/2016,19.880515,17.73403,16.515625,17.540759,19.505193,21.642222,25.611267,25.804631,24.279715,24.597078,24.270224,23.747956,24.250883,24.818391,24.769818,24.982726,31.24478,39.5743,38.665296,37.89811,46.83491,41.225464,63.06988,23.298348
12/2/2016,24.401102,23.354536,23.378624,23.575738,24.096099,26.72047,33.295232,47.571187,39.078666,41.267729,35.427444,30.466351,26.992911,28.706988,31.501252,34.383335,38.125881,37.425444,39.570631,37.203095,43.282595,45.432254,28.96013,24.627994
12/3/2016,25.531189,24.233124,23.820408,23.504067,23.918977,24.440536,26.528583,32.220843,30.788916,36.458908,34.679218,32.377715,27.88663,28.271796,30.810837,27.417349,28.906988,44.144533,28.830409,33.238141,32.519293,30.548837,29.766339,24.497836
12/4/2016,24.764134,24.07267,23.576766,23.346241,23.523442,23.423632,23.582634,24.358092,26.5518,27.294676,25.658902,25.746925,25.920522,26.525631,26.509741,31.922152,36.582629,38.257388,29.486568,31.134308,32.254443,26.962056,23.360885,23.211713
12/5/2016,22.965771,22.549995,21.918833,22.80266,23.459755,23.627773,40.291006,41.2102,32.416014,29.880284,38.195086,27.972381,26.014154,26.112493,25.592031,26.327369,28.929496,34.900811,35.260346,34.910937,35.122623,29.089638,30.045505,28.959594
12/6/2016,25.019395,24.220918,23.792886,23.686341,24.419296,26.472154,38.645623,72.167178,30.778479,35.417875,48.162981,33.181391,38.955992,31.689702,28.857107,30.437503,41.982377,37.626765,32.405938,40.390459,33.704218,29.214713,26.388965,23.911082
12/7/2016,24.478718,23.356494,22.529418,23.70469,23.476419,24.051476,25.721254,30.704126,30.773995,25.747101,25.186187,25.320275,26.415646,25.762915,24.798653,24.038382,24.137763,30.538557,34.627125,29.285423,30.368615,28.485097,26.662689,24.151555
12/8/2016,25.061013,24.463067,21.638344,23.492475,23.269995,26.544108,27.583712,33.283795,31.394224,30.886699,30.960032,29.151145,27.642892,27.770808,27.80143,27.721923,30.778633,42.135576,33.689812,42.888163,51.922403,41.286104,30.396574,28.21752
12/9/2016,28.851404,29.330267,28.807977,28.878692,29.204417,29.470837,72.627287,227.719743,33.256075,35.120628,38.096277,35.250814,36.80206,34.524861,32.523028,31.345417,35.291844,59.281073,41.545707,44.041238,41.393361,41.236115,32.409233,29.781586
12/10/2016,30.289994,29.281881,29.371206,30.545348,30.888428,30.666509,34.365951,36.008901,79.789634,33.522651,33.558541,29.721378,28.670691,28.163554,27.908255,29.277058,29.000307,36.311246,33.214981,32.412733,36.419174,36.262894,29.483363,27.856866
12/11/2016,27.797497,28.965907,27.074507,27.392748,27.391086,26.566632,27.911533,26.57971,27.390169,28.78121,29.43893,29.736151,30.36766,28.725821,27.241024,28.017766,30.250087,37.491372,33.419004,33.332081,31.346784,29.021147,26.311482,23.134504
12/12/2016,24.384955,23.106574,23.034675,22.727423,22.921207,23.583048,27.635398,31.962355,35.613428,35.098795,46.975636,40.19041,31.110409,30.659866,29.691641,27.931369,31.052128,42.599726,38.902385,42.776713,53.653697,38.653979,29.036414,25.863754
12/13/2016,24.627755,24.495172,24.767652,24.943838,25.525499,29.65317,35.325657,35.289697,34.345978,33.533141,32.814667,33.725092,32.411668,31.39774,32.993185,32.174152,35.391326,46.1047,40.330423,36.106053,35.174338,32.403985,26.482906,24.31035
12/14/2016,23.83222,23.685507,23.463459,23.349743,23.428558,25.724008,27.670675,30.644313,30.502931,28.628766,27.105812,26.508637,26.463053,26.671104,26.282911,26.327759,27.747751,32.095321,32.943871,32.809763,32.272545,30.753641,28.527082,25.043281
12/15/2016,25.576777,23.876742,24.497762,24.373662,25.077346,28.308811,34.624135,47.832686,39.338561,39.882819,56.41234,55.335829,39.183345,39.39618,41.776,46.302884,57.745061,84.98508,107.100229,72.057663,64.579424,72.940973,66.592207,47.566987
12/16/2016,44.739851,51.185592,49.662726,47.585786,52.678767,54.494149,87.085852,103.819294,146.855426,115.837245,77.581147,62.574086,51.538785,63.079639,41.337629,42.996727,58.820658,64.740242,42.650417,43.919444,39.972726,36.963713,34.04227,30.617008
12/17/2016,31.478926,29.060339,26.900203,26.386195,27.81282,28.928676,30.252677,33.085482,37.379957,38.048391,33.670651,35.968799,29.993497,30.071226,28.61774,26.73878,29.947468,37.819199,31.270918,29.000404,27.619553,26.534578,25.999649,23.154034
12/18/2016,22.647316,22.011404,21.606948,21.474209,21.433043,21.410126,21.966132,22.577856,23.680218,23.686483,23.414983,25.152112,25.771504,25.943343,26.707656,27.174806,32.219391,34.206121,40.203714,48.191958,34.29602,32.879692,29.798805,25.606375
12/19/2016,25.594338,25.356741,25.545542,25.47641,26.544237,29.750025,32.143417,62.606347,53.826992,42.277091,55.016356,43.912473,32.459706,35.237933,33.422612,38.515893,41.44375,60.586961,42.872189,40.985642,47.950582,61.361079,31.711394,26.927396
12/20/2016,27.538092,27.376953,27.856317,28.110747,30.027094,29.045148,82.310165,77.540709,38.313587,35.043793,29.362383,27.956445,26.122799,25.817687,26.018119,26.314608,27.128525,36.976143,36.048862,35.190008,35.159109,31.643745,30.187305,27.412629
12/21/2016,26.632832,27.54603,28.188368,29.131164,28.320709,29.922133,31.260026,44.243156,35.698217,32.26345,30.735776,27.378144,26.892121,26.473974,26.122204,26.332219,26.567948,30.652039,32.770893,37.794283,30.00498,28.360666,26.01885,23.847977
12/22/2016,24.099548,23.459251,22.942976,22.804334,22.825933,24.044579,25.591396,27.442571,30.751199,29.268787,29.56605,28.293297,26.028494,25.532085,25.521149,25.724814,27.56986,43.309178,35.037623,32.734683,31.765237,29.74449,25.866813,23.504928
12/23/2016,24.220991,23.859566,24.034307,24.462709,24.950597,25.121195,25.633515,29.457103,32.383477,41.536171,28.871466,26.692192,25.830873,25.172976,24.813919,25.363318,29.092944,29.520124,28.120377,27.894449,27.746372,26.909358,24.818537,22.892041
12/24/2016,23.080574,23.294251,22.462288,22.117326,22.375628,21.481156,22.673363,23.829491,26.02023,29.642783,31.423581,39.308017,27.266655,25.582123,24.902629,25.86062,31.283207,26.887934,26.13979,26.236633,26.774294,26.075877,24.87798,20.069347
12/25/2016,21.01673,22.348534,21.715898,21.799057,21.839084,21.906012,22.004572,22.557293,22.914693,22.575167,21.821247,21.867646,21.736754,19.93826,20.557826,20.596584,22.238599,24.11937,22.24888,22.510594,23.195487,23.041107,22.409588,19.900778
12/26/2016,20.565896,20.470225,19.309854,19.375322,19.801884,22.450227,21.668452,22.391167,23.03512,24.184149,26.642549,26.241916,25.084451,24.074389,22.768836,23.102122,26.356954,36.658015,27.578445,27.611437,27.521385,24.600571,21.910988,18.560244
12/27/2016,16.278946,19.338624,20.28053,19.590645,18.809063,21.450482,22.428707,23.592454,23.944236,25.192115,25.27937,25.762343,24.623055,23.02957,22.653842,22.408641,23.529608,31.086577,29.94851,29.063849,26.902942,25.814026,24.440375,22.801827
12/28/2016,22.545231,22.646605,22.855701,22.799722,23.356299,23.614369,26.280659,28.959772,28.562481,29.511244,30.171303,27.847367,27.671484,26.780508,26.046329,26.12864,28.88296,52.929665,38.990977,68.367029,35.784778,29.387524,27.139364,23.645083
12/29/2016,23.928009,23.569783,23.622284,22.852552,23.120955,23.69032,23.642881,25.016718,25.788464,26.302964,26.395451,26.258569,26.393798,25.85196,24.236815,23.259903,23.469754,28.871182,26.297927,26.695795,25.874773,26.050771,25.899958,24.394195
12/30/2016,23.917735,23.249066,23.061458,23.363915,24.188662,24.403867,25.128855,28.982301,29.366285,26.505343,28.352688,30.898639,27.874862,26.309405,25.757972,25.985932,26.253637,47.192164,28.006318,27.129161,26.763961,28.104594,26.551182,26.843044
12/31/2016,34.06317,26.871966,28.604752,39.968534,26.357759,33.210497,27.738119,44.462068,27.051762,28.415419,28.934529,27.801812,26.355445,30.556918,27.46589,27.885419,32.847983,40.140773,40.403541,31.657081,27.752421,26.089299,25.91505,24.654669
1/1/2017,25.449493,25.77517,24.328297,23.752714,23.339936,23.732043,23.304836,24.397391,24.955395,24.918162,24.170627,23.224021,23.311394,23.010662,22.678335,22.773503,23.631231,30.315667,29.177898,26.732429,25.037457,25.001745,24.685559,22.921384
1/2/2017,22.452399,22.278653,22.078158,22.012728,22.839976,23.221732,23.841797,25.442876,26.211227,30.253357,35.076069,38.036654,37.810423,33.155797,32.253876,28.92642,32.416156,35.633145,38.689749,42.112185,36.643881,34.10915,25.713675,23.259366
1/3/2017,24.290803,23.243995,22.902903,22.807316,23.269147,24.771219,30.258148,52.349342,37.013853,36.208027,37.68293,31.201017,37.291865,31.054748,30.262378,28.8507,26.937814,27.836851,31.155824,42.113542,29.950704,26.308133,24.535958,22.103548
1/4/2017,22.353112,22.416745,22.000916,22.045821,21.824556,22.271001,24.537307,26.482083,25.926555,26.238681,26.208423,26.922607,26.037851,24.225113,23.653598,23.62335,23.730338,40.965633,76.454717,92.736148,48.185171,29.901844,26.154096,25.738147
1/5/2017,26.422635,25.925532,24.743872,25.28514,25.651724,28.208481,35.098746,37.985083,66.983471,51.053822,37.941876,63.140989,35.253413,38.479925,36.702704,31.222934,31.500414,31.839553,35.902568,35.635866,37.121705,35.184586,30.602331,27.033204
1/6/2017,26.413244,25.661861,25.545879,25.665275,26.094543,25.763261,26.621796,31.36382,31.449074,61.957778,31.696696,32.04281,30.007784,31.825648,33.386675,33.152617,31.274673,35.266102,33.081821,33.782761,36.042859,34.886452,32.213565,32.637591
1/7/2017,37.371274,37.471117,35.846037,35.744886,33.428348,34.722885,37.566018,45.960208,51.232983,49.407764,68.795375,49.281264,84.708185,38.976996,41.394785,39.494965,40.97585,47.988906,38.472421,46.661409,46.66461,46.172473,43.198208,39.709362
1/8/2017,42.252141,41.587076,43.142846,44.593043,56.15573,97.970237,132.62869,71.663781,74.38872,46.646759,82.664348,55.563045,40.134415,43.810768,51.942973,40.55013,41.415601,74.60872,62.148332,63.030315,64.844352,82.816098,45.124766,38.45907
1/9/2017,55.174513,56.418265,49.935668,43.543958,78.329822,82.871925,59.891454,67.786145,54.585912,67.834461,51.404968,81.086019,71.916341,88.644627,45.63103,46.202303,81.499327,133.371049,68.438525,87.825937,91.087777,152.120119,46.223264,46.23602
1/10/2017,32.918402,33.925343,32.734801,31.60514,32.551828,34.434218,107.519342,57.650221,39.888084,63.654286,37.242682,31.418789,37.558976,36.237429,30.566944,31.164146,31.234277,48.703632,33.340956,30.334849,27.720724,27.878108,25.072525,24.334889
1/11/2017,25.366923,25.239337,24.999637,25.17195,24.541316,25.068694,45.564616,33.36493,30.089623,26.103043,26.337706,24.598244,24.339322,23.992775,23.82363,24.08896,25.394824,26.127621,29.627244,28.040735,26.184605,24.416616,22.248688,21.458229
1/12/2017,24.413902,22.848064,21.872512,22.15231,21.634967,22.594564,27.723242,55.874243,26.87178,26.739848,28.044826,44.68659,25.682699,26.211297,25.105769,24.89253,25.301189,26.254239,33.65679,29.642162,29.045354,28.050089,23.324185,22.593536
1/13/2017,22.627902,22.086988,21.916662,21.632993,21.505918,22.576103,25.126441,27.284286,27.355069,26.098481,26.336945,25.80119,26.470254,25.633782,24.835042,24.711912,25.033249,26.571568,30.392162,29.525956,29.501756,28.378652,25.39511,23.900176
1/14/2017,23.419652,23.527588,23.146856,22.913214,22.967178,22.95969,23.435583,24.847553,26.843078,27.959357,46.534443,50.803699,35.187927,30.580022,30.164404,31.127218,34.491293,35.613561,61.294979,32.097505,33.00612,28.774653,26.263078,24.677747
1/15/2017,24.4402,23.845566,23.723978,23.789265,23.621958,22.972628,23.931583,26.122246,26.988024,27.046062,25.752688,25.270973,25.00607,24.645299,24.18475,24.842109,25.4535,36.530343,34.081841,29.351411,30.987612,26.989253,25.648553,24.697272
1/16/2017,24.165005,23.387165,23.481803,23.697191,24.735469,24.865434,27.844733,31.140061,35.93962,36.913995,33.909956,70.740437,75.104495,31.931626,29.237871,30.96293,29.982451,40.530216,31.830556,44.656627,51.513723,30.573611,25.454063,24.267971
1/17/2017,22.765325,22.189006,23.136395,23.572933,23.478842,24.757455,80.801865,74.874428,42.37217,33.571326,36.500939,38.439316,38.176571,31.064505,28.125682,34.384908,33.504923,32.097728,38.586334,36.870468,34.529881,30.960858,25.516733,23.136326
1/18/2017,22.283671,21.467455,21.564533,21.997738,21.510541,21.109917,28.093948,36.799658,51.100166,40.095288,29.207557,29.764489,30.741662,29.693176,32.182456,27.99733,31.934658,66.384422,83.732713,42.557737,60.09664,34.613195,29.972895,24.502101
1/19/2017,23.677696,22.455081,22.940611,23.75527,24.854689,24.703602,28.522136,31.119647,27.658918,32.046775,26.94603,26.487325,26.03709,25.501054,25.656151,26.165345,26.08515,58.654774,61.141715,32.789134,38.853075,28.891165,26.147189,23.932271
1/20/2017,24.07928,23.294196,23.296714,23.470399,23.406986,24.38312,26.320871,29.106778,31.159443,60.053475,31.324519,28.905425,27.47091,32.572775,26.517028,25.83628,26.069077,26.668793,26.56068,26.085709,24.39164,23.398169,21.692994,20.701433
1/21/2017,19.739913,19.627717,19.627442,18.336761,20.078896,19.945897,20.467736,22.327029,22.98862,22.972347,23.920552,24.020382,22.609204,21.354367,21.772989,21.764347,22.506843,23.899611,23.780619,23.207843,23.119546,21.984737,20.750339,20.089084
1/22/2017,20.332427,19.992866,20.430063,19.803681,19.347635,20.009026,17.416508,19.708742,20.451685,22.903035,22.572556,22.56493,22.057205,21.653192,21.406839,21.678508,22.474401,23.857392,24.841873,22.633021,21.987797,21.89009,20.828261,16.402166
1/23/2017,13.503118,14.676187,14.999362,13.560868,17.0118,19.397578,23.143014,23.081891,23.293354,24.525503,24.40295,25.385568,26.833058,26.437197,26.195364,26.05102,35.298079,28.692553,29.753662,27.880449,27.286679,26.470519,23.956407,22.9057
1/24/2017,23.77846,24.014496,23.466504,23.309342,24.394739,25.489924,32.637768,51.911849,27.40254,30.561253,29.249564,27.800446,30.646345,30.337399,27.767832,26.783977,30.481003,29.696284,32.641915,30.656723,28.374386,28.428263,24.593686,22.304868
1/25/2017,21.727482,21.942219,22.042084,21.993503,21.921871,23.159494,25.201559,27.767692,26.225113,24.441453,22.998608,22.262104,22.221806,21.97479,21.764937,21.6929,21.720059,27.252594,25.815815,25.195271,24.444394,23.013356,20.584209,19.58382
1/26/2017,19.361225,20.052279,19.778311,20.104292,19.936841,20.777704,25.709703,25.123987,24.945266,25.452923,25.074932,25.561779,23.955066,24.151071,23.877015,24.161295,25.320075,36.133086,31.95737,28.293239,27.695092,24.937774,23.572826,22.061513
1/27/2017,22.463257,22.596704,22.61879,22.411368,22.597787,24.007522,25.28269,27.285841,26.970411,26.945092,27.238324,27.56962,28.155925,27.782972,27.703206,27.557376,27.884402,30.823064,33.987871,27.816862,29.404995,26.478527,24.36451,23.486523
1/28/2017,22.575534,22.962702,22.581787,22.083867,22.419259,22.188673,23.142505,24.809853,25.6059,25.702279,25.694979,25.532237,25.023303,23.995875,22.938346,22.553263,23.709166,24.066657,24.133952,24.658732,24.77086,23.890204,23.078791,21.802984
1/29/2017,22.409348,22.616536,22.612241,22.346616,22.293335,22.244476,22.85183,23.371032,23.652816,23.793801,23.585453,22.971078,22.611201,22.330757,22.363809,22.345797,23.412211,24.5554,25.74083,25.550179,25.545952,25.398341,23.815761,22.230121
1/30/2017,22.244222,22.226106,22.053783,22.044358,22.175937,23.447982,25.795536,31.078852,29.441721,28.188103,26.28976,26.41638,25.766066,25.161127,25.305066,25.2211,25.039636,27.766236,28.376017,27.833212,28.372898,26.564136,25.54405,23.632423
1/31/2017,22.976862,24.229789,23.466338,23.031972,21.72012,23.535946,28.622807,31.71139,26.869736,26.512546,26.289406,25.506183,25.256641,25.279879,24.921001,24.17628,25.800105,29.387036,27.929778,27.058465,26.454447,24.518202,22.69482,21.373003
2/1/2017,21.454861,21.400623,20.768589,20.584834,21.212444,22.432237,25.584858,28.219955,25.714285,24.938735,25.690956,25.137812,23.731103,23.436898,22.654894,22.350846,22.925875,37.190074,30.837213,26.077324,26.037017,23.662778,22.228553,20.375174
2/2/2017,21.110209,20.494706,20.118487,20.168188,21.115692,22.062342,26.822196,28.815681,25.674852,23.857032,23.865355,23.795651,23.308153,22.47119,22.131928,21.999499,23.274574,27.027541,33.708222,31.012431,28.960658,28.437166,25.672788,24.099375
2/3/2017,23.907359,23.060758,22.793353,22.575292,23.302948,23.19117,27.804361,30.759634,28.766587,29.506783,30.140395,30.906815,28.391808,27.149488,26.316994,26.355756,25.797385,26.775744,28.751705,28.905577,28.864791,30.130153,30.11184,27.721254
2/4/2017,26.96002,25.507545,25.848402,27.290972,29.405739,51.102326,79.64524,70.619633,31.192413,30.366756,27.130314,24.199344,23.156402,22.550264,22.074283,21.903727,22.652684,26.618869,56.341978,26.45897,25.29449,24.604766,23.335461,23.00227
2/5/2017,22.628321,22.741314,22.867727,22.4011,21.920269,22.123403,22.106709,22.820238,23.432316,24.837688,23.581695,23.028638,22.997461,23.006162,22.393179,22.494089,23.144752,25.395519,25.518497,24.494387,24.891835,24.175648,23.340779,22.539172
2/6/2017,21.414844,21.69678,21.823669,21.691261,22.398617,23.380683,34.822186,41.758385,26.588305,24.72376,24.207339,23.409802,22.926107,22.628074,21.785429,22.161786,26.605222,28.846497,39.625466,27.573874,25.718561,23.264509,21.528367,20.680535
2/7/2017,21.971238,21.734415,21.359323,19.370803,20.264787,21.390264,26.701503,46.610851,25.633555,24.342441,26.978908,26.940519,22.929784,22.546324,22.408545,22.443101,24.168054,25.31497,28.398581,27.003489,24.558285,22.215838,20.41529,18.061205
2/8/2017,20.19203,20.107712,20.04888,20.20805,19.860033,20.792345,26.312973,27.453044,25.449126,27.017912,29.858422,24.912564,25.681473,25.015355,23.981869,22.901051,21.956862,23.304951,27.938042,31.279135,28.702888,23.694355,22.320307,20.587885
2/9/2017,20.745165,19.854171,19.353188,19.234032,20.074641,21.302187,24.743125,28.641493,30.973988,29.75141,32.787353,31.534617,29.887864,26.617916,26.083603,25.013415,25.460736,40.770018,50.666443,32.621754,32.007046,32.483926,28.325046,25.119157
2/10/2017,25.956466,25.13687,24.887463,25.259971,25.339623,26.143593,28.260998,37.440966,30.160269,28.698352,33.573283,32.456312,27.077793,26.111902,25.495289,25.380271,26.991259,31.241422,31.019009,26.470935,25.554829,24.44474,24.055943,22.938802
2/11/2017,24.384488,23.752205,23.360438,22.741947,23.746512,21.463339,22.967252,23.788085,24.947174,25.833761,26.409771,25.110167,23.414057,22.498268,21.544141,21.833742,21.754769,23.427001,24.228766,22.324496,23.338484,22.713338,22.770038,22.055602
2/12/2017,22.286389,21.669563,20.012327,20.11457,19.507232,20.079443,21.180541,21.974631,22.04749,23.722732,23.793969,21.970187,21.914082,21.938703,21.269231,21.568945,23.297931,24.202585,31.302245,27.134281,25.813779,23.46186,22.542266,21.236756
2/13/2017,20.674561,20.893473,21.196046,21.39452,22.120032,26.991756,30.601846,36.084402,50.88375,32.602343,31.926473,44.18044,26.37673,25.659859,24.109267,23.975162,24.307095,24.210536,71.157304,29.392986,35.362127,31.342161,25.789917,24.380832
2/14/2017,25.706407,24.70611,23.743813,24.495021,23.410329,24.629626,58.992365,50.201764,31.792845,31.794918,27.659988,26.336096,24.51734,24.519538,23.054273,22.998851,23.286466,24.290201,31.286882,29.854953,26.359289,24.30749,23.726575,23.207518
2/15/2017,22.631922,22.470618,21.613239,21.916324,22.47093,22.422441,30.393074,35.571247,31.727267,31.5186,31.05639,25.484436,25.448672,24.422064,23.532606,23.367722,24.706098,28.849629,56.728368,32.943445,32.924118,28.399964,24.242138,23.123852
2/16/2017,24.01657,23.93615,23.696094,24.008339,24.14178,24.662186,28.790227,46.545748,49.739856,30.426647,29.915581,26.924683,26.321131,25.63516,24.267582,24.08378,24.863744,26.362911,33.932854,30.088999,29.755077,31.295235,26.219867,24.032734
2/17/2017,23.078794,22.966296,22.144216,22.702942,23.470667,24.841353,44.818715,37.254622,29.510114,28.61561,26.318249,24.529811,24.836444,22.984375,21.861482,21.494719,22.333504,22.964785,25.176182,26.537099,22.963308,22.772307,21.499346,19.673943
2/18/2017,22.340857,24.647367,24.323349,24.429691,22.417947,23.819412,30.216798,35.52204,29.435167,28.930088,26.854652,23.318187,23.244215,22.832003,21.110921,21.080881,22.344354,25.776379,50.740662,30.644076,23.936613,22.297147,22.274518,21.156841
2/19/2017,20.627166,20.290303,20.033945,20.453284,20.973833,20.553512,20.656973,19.498614,21.888098,22.069303,22.450786,22.246461,21.921311,20.323432,19.046085,19.798421,20.683465,22.702227,34.429132,28.847469,23.040668,22.002764,20.910591,20.445764
2/20/2017,23.890693,19.862727,17.442433,20.471905,20.307172,21.473144,27.672075,25.435442,27.895987,27.649463,27.746683,25.429277,22.818377,23.060293,22.071781,22.899736,24.326372,25.162029,30.446129,30.139154,35.074241,28.065059,21.97719,22.064296
2/21/2017,21.091799,20.780068,20.395548,21.289883,20.950986,21.469603,25.369814,31.675042,48.362644,27.616409,28.28064,26.062583,25.439817,25.089555,23.086515,25.321476,26.824209,27.720315,29.976793,57.783766,26.800067,23.27719,21.468589,20.82438
2/22/2017,20.468856,20.783723,20.341838,20.130422,20.551671,20.224835,28.328262,24.487302,24.285828,26.706494,25.505945,24.426157,25.062951,23.198892,22.535265,21.96845,21.898726,22.562076,23.793771,26.838677,22.620641,21.497701,20.047791,18.550968
2/23/2017,20.526084,19.992605,18.662023,18.769141,20.09355,20.454216,32.898571,24.918738,24.107503,23.844209,23.50858,23.159152,22.82161,23.761262,22.61938,22.254079,23.073619,23.508254,28.51248,28.401434,28.199174,23.482288,19.262229,16.634997
2/24/2017,16.23561,15.246871,15.408314,15.293742,16.090801,19.298861,22.851887,22.69599,21.943007,23.206981,24.618614,34.131348,29.808091,24.817015,24.759615,22.941991,22.166369,21.786035,24.896445,24.770729,22.86214,21.469845,19.346719,17.841825
2/25/2017,19.054638,19.065696,17.902801,18.068945,17.408236,17.670886,16.993324,18.600836,19.948116,23.983605,24.694695,22.968495,22.645937,21.836258,21.470998,21.219107,22.445509,23.185438,41.819424,40.659238,28.030227,23.520408,21.34742,18.943986
2/26/2017,19.678175,19.794155,20.062237,19.848019,19.570762,19.545006,18.009601,27.866602,23.447267,19.002062,19.527578,20.332274,19.066296,17.689113,18.238697,18.265279,19.06652,20.614899,26.628741,24.82225,27.109971,23.982055,21.30455,20.436061
2/27/2017,20.300315,20.444524,20.427303,21.587982,22.313834,27.75676,34.890723,34.068013,36.298787,38.063682,34.594167,23.315163,23.50432,23.575228,22.934936,23.074991,24.102369,25.530402,27.353767,24.561817,24.097242,22.411806,20.436543,19.112782
2/28/2017,19.565348,19.431216,19.638856,19.742556,19.408792,21.732168,27.723583,30.236913,23.956344,22.696401,23.275504,23.590537,24.965087,23.689969,28.555139,24.084942,24.056125,31.940443,35.312226,24.243065,24.776353,21.72935,19.329214,16.809356
3/1/2017,18.515584,18.131166,17.569804,17.552619,18.222337,18.687819,23.143734,26.108799,22.977965,24.943841,26.694921,22.64551,24.419189,23.616739,22.209487,22.9208,24.448317,26.908977,27.620105,27.314905,28.755868,22.651474,20.639592,18.81124
3/2/2017,17.101674,18.98915,19.336939,10.863236,15.46808,22.791284,84.437307,54.710929,29.257373,35.36271,30.87102,27.360661,28.026543,23.411709,22.405253,21.700216,23.122397,25.519651,28.832061,28.311333,43.567804,36.498948,24.179,21.742524
3/3/2017,22.184892,22.110872,22.17892,21.891499,21.969365,28.20682,30.185647,29.257043,28.762199,29.635845,32.508612,33.336159,28.028461,25.585958,26.081961,25.904907,27.523887,26.040684,32.900072,57.173398,62.234391,43.6048,58.712792,30.787987
3/4/2017,29.902546,30.352683,27.507801,26.306144,26.213483,27.997586,26.292024,24.991844,25.060064,30.376991,27.845275,27.883897,25.65577,24.851856,24.623376,24.103834,24.169316,26.601618,46.842694,34.520443,31.612245,30.615992,37.867994,34.062663
3/5/2017,28.153127,28.722952,28.030476,28.077783,29.702584,34.56275,31.558351,26.959095,35.415093,29.932878,27.81666,25.151443,24.733195,24.353327,23.028498,22.666333,24.625171,27.27971,28.526776,29.848688,31.862461,28.840484,24.506315,24.23147
3/6/2017,23.713724,22.677351,22.943128,22.263284,23.603701,25.105654,30.146073,28.419316,26.690014,28.4675,28.26327,25.417551,25.289619,25.379438,24.857369,24.243897,24.990171,26.690392,42.646786,28.149092,26.158072,23.668578,21.646857,20.718773
3/7/2017,21.625151,21.710076,21.070326,20.163239,21.190065,22.484546,30.518553,25.452908,25.848005,26.367877,28.590217,34.650791,25.247118,24.614863,24.18886,24.117153,24.342774,26.533012,39.881016,28.924685,32.959908,27.356707,20.681055,20.408112
3/8/2017,19.852216,20.143082,20.725277,20.842975,22.143867,22.140735,36.0059,32.716148,27.247666,25.796574,23.459495,23.171811,23.619229,23.181681,22.906831,22.474218,22.812407,24.410554,63.144489,51.714341,50.912736,25.867722,23.409434,21.623122
3/9/2017,21.609645,21.503443,21.405816,21.550555,21.887906,22.905029,27.036362,27.537566,26.966764,25.925291,26.565075,26.050959,25.314071,25.368669,24.015615,23.832144,24.715276,25.314596,39.939135,24.829149,25.124809,24.873002,21.696164,22.046887
3/10/2017,21.489681,19.518016,19.550236,18.369563,20.723243,22.524099,26.190689,27.243178,38.021383,30.861684,50.88693,46.587331,33.906468,26.901985,27.313282,25.87383,26.174839,28.657851,53.527101,32.348366,35.80697,38.234853,34.055627,28.250783
3/11/2017,28.697048,29.106721,29.06237,27.824873,28.75472,29.29647,29.471697,27.680154,30.501577,32.852488,34.965236,34.557201,28.671724,29.743186,27.070387,25.947865,25.958113,27.999589,48.541402,39.165543,37.009046,33.813819,32.303367,29.958445
3/12/2017,30.551286,32.24838,,30.594968,29.529581,27.826942,27.794674,30.335221,32.031272,31.611278,30.592054,29.769959,33.027626,28.31415,27.244545,25.93337,25.470615,26.281482,26.327814,44.558627,58.956398,37.368052,30.168764,29.169902
3/13/2017,28.087546,32.032195,31.164107,31.5497,31.251635,43.00401,157.864512,118.399771,39.074678,39.938385,36.043958,36.801933,32.46176,32.001131,30.198674,31.518926,34.115794,35.794277,31.779374,42.828731,42.216877,36.444706,29.927445,33.688226
3/14/2017,31.525091,31.938929,29.904063,32.290651,33.974748,34.659649,33.6317,40.240398,58.523567,47.919834,56.257034,51.88197,49.311355,40.362421,38.708416,36.237054,34.078318,40.118716,33.271398,56.70426,48.512649,53.706667,36.156728,36.731468
3/15/2017,33.074018,33.759535,33.370904,36.072476,42.896316,38.610238,41.412538,78.994857,54.325956,50.612592,59.951763,59.76514,54.102456,45.515131,43.494435,47.646016,36.360986,32.471179,31.663969,100.534124,61.442432,36.406785,40.140607,40.703541
3/16/2017,40.388589,39.015408,33.312065,36.004342,36.715665,42.733849,91.080193,72.061215,41.965531,37.330189,38.498739,42.160898,37.723097,35.266958,33.306196,29.941594,29.559966,26.520482,25.61404,40.376941,41.06808,35.396905,31.944162,25.619273
3/17/2017,25.418446,30.657225,31.718071,31.28646,31.721701,33.207817,40.475481,52.430579,38.957204,36.964873,49.955001,48.446596,34.306296,33.658597,27.469964,28.425196,33.611472,38.312956,26.464467,68.206808,33.567959,28.415572,25.617249,23.978846
3/18/2017,22.495946,27.725216,24.180578,24.015708,25.695701,24.161568,28.534848,42.053411,57.154504,44.114993,68.878776,51.808218,27.902071,29.178437,25.417025,26.745528,28.425542,33.84506,29.737557,36.046378,36.856624,32.103249,29.220628,25.479634
3/19/2017,25.881742,29.859474,28.256066,27.609715,25.753804,27.051674,26.448354,34.530832,86.71619,45.810073,51.435403,29.415606,33.083432,26.271775,28.503958,24.677333,24.449976,24.804331,24.177646,98.689532,85.018258,34.086635,30.111139,25.497586
3/20/2017,23.965605,23.777563,24.051627,23.76258,26.146515,30.74457,70.853291,42.394065,37.439394,44.603274,46.901518,33.012297,44.113633,32.341453,29.343508,26.247769,29.977063,31.227648,27.061348,63.808491,54.943486,32.39427,28.078079,23.447424
3/21/2017,23.857884,23.564393,23.911966,23.592036,23.106608,27.781625,33.665251,68.935819,43.968103,36.95934,31.131136,30.799652,28.563321,28.101506,24.71123,24.439172,24.598778,25.222545,25.11761,48.011062,31.519372,25.604878,23.788685,22.162971
3/22/2017,20.660234,20.726156,21.108428,21.483188,22.334243,22.553204,26.40489,27.105601,29.521732,30.069765,31.007747,36.137441,32.035416,30.140471,26.198115,25.260492,25.534976,26.542672,25.277942,48.593471,77.024398,40.490156,34.827077,29.19595
3/23/2017,27.522177,27.46356,27.566011,30.093277,29.382776,31.556725,73.145098,73.10626,29.174905,32.649782,31.664266,31.685649,30.472045,26.080054,23.598533,23.308657,22.963388,24.221184,25.025007,30.470918,29.647914,27.375072,24.984273,23.91024
3/24/2017,21.270468,24.164118,24.571184,23.985505,24.858632,26.127952,33.669135,29.934368,37.48657,33.674604,32.681694,32.061102,28.625159,26.977426,26.045003,24.903865,24.667732,24.678163,24.351739,34.931397,32.335543,25.06338,22.53977,21.82092
3/25/2017,22.283082,23.81532,22.166985,20.182186,19.961577,22.44989,22.531836,23.727963,25.877263,29.044567,27.029308,26.463008,24.152936,27.906508,24.000093,25.467908,29.795636,30.58052,30.227745,43.43623,42.751705,26.713097,23.909955,20.634415
3/26/2017,20.39803,21.072812,20.893536,20.109371,19.825623,20.723072,19.756031,20.957584,23.539097,28.068299,26.898279,26.129619,25.297952,24.761936,22.855328,24.248756,25.127124,27.537827,26.457915,36.130805,47.988577,27.861471,22.671401,21.161595
3/27/2017,21.981589,20.928471,22.604645,22.12394,22.728869,22.91066,66.082911,32.17053,48.363419,57.503173,32.82133,60.911563,28.460126,50.952669,45.397758,26.640818,27.262632,28.769861,23.938251,28.623316,78.49989,32.120729,26.553994,21.829912
3/28/2017,20.750467,21.858876,21.484991,20.358185,21.660414,22.6193,26.923953,34.779216,34.857625,34.764989,50.982729,69.276327,35.059793,52.861871,29.128265,32.046269,29.941613,31.088997,24.634664,27.099202,28.671333,34.781864,26.09504,23.114337
3/29/2017,22.82763,22.560503,22.533523,22.425424,22.383979,22.875309,31.314601,25.650019,30.418952,32.909181,29.493516,28.763715,27.32455,27.489444,24.70152,23.718867,23.350113,23.626017,23.490795,24.237543,30.880306,30.937355,22.982886,21.825431
3/30/2017,21.191836,20.116,20.541011,20.779047,20.617574,21.171875,45.83346,26.399204,26.955803,27.313069,43.658525,30.161441,29.216086,29.243142,29.106697,29.35611,31.441106,36.706586,26.269298,26.021171,30.282415,34.205253,24.368085,23.309177
3/31/2017,22.862551,22.405845,21.731134,21.9704,22.870419,23.138755,29.295413,35.052199,30.023751,48.327517,36.128809,53.484448,39.015932,58.701528,29.040403,29.837836,29.136907,31.139901,28.030161,34.024132,32.15068,32.715047,29.057953,25.543225
4/1/2017,29.679171,28.082862,26.030239,28.379695,27.299997,25.771083,44.768454,39.379279,40.195129,60.534774,30.500346,49.196175,30.623239,28.292095,27.240767,25.436943,30.440676,29.392755,32.459907,50.157833,63.564296,34.763618,30.149934,32.117165
4/2/2017,24.860966,25.589584,26.908025,26.6634,27.047657,27.646852,25.262239,27.550901,25.8757,27.638422,25.288433,24.730162,24.759928,24.144048,23.702468,24.079218,25.475417,25.008154,26.029551,26.983834,77.682482,28.303812,24.527171,23.296451
4/3/2017,22.553041,22.926614,23.17652,23.579389,24.231228,27.203285,38.686672,31.643345,32.003555,34.907668,33.73437,51.527982,35.901064,43.31192,35.885397,32.053235,31.207482,34.193791,28.984205,33.492933,29.202976,29.174028,28.231476,24.66019
4/4/2017,21.838705,21.978529,21.521188,21.716894,22.782979,22.891885,52.17541,31.751515,29.676088,31.617592,29.473161,33.117986,37.646971,37.41284,35.401868,32.407647,48.341577,30.2022,36.766206,31.592155,46.794889,34.225589,27.018708,23.02272
4/5/2017,22.713272,20.646034,21.474387,21.565268,19.499817,20.494934,37.101755,29.042977,29.553204,34.670809,31.000077,33.287565,30.554512,38.537921,31.055732,29.008518,31.249434,28.849471,25.790828,29.193795,27.836715,26.657288,24.461066,22.446653
4/6/2017,20.340414,22.09162,21.951154,20.913313,22.568502,21.159593,26.306239,29.721689,29.952703,31.816888,34.41607,30.103929,34.840412,31.25881,37.240167,30.265532,30.52432,30.587751,29.371727,28.505538,34.727913,37.657366,27.280624,26.949101
4/7/2017,24.495067,23.031597,23.750346,23.55552,25.921408,25.205763,32.349368,36.45919,55.226845,41.70112,44.160068,36.92416,35.015971,38.516675,32.522789,33.581505,31.697408,32.149367,30.30536,57.763255,66.385639,56.650808,32.430181,32.295752
4/8/2017,45.735267,30.478962,27.071789,25.500496,30.644354,25.022489,81.072772,28.688932,28.947247,31.648358,27.145721,23.551847,25.504003,24.666599,22.728202,22.062667,22.566256,21.994684,20.734279,22.94484,29.150244,27.271994,25.269422,23.307139
4/9/2017,20.60811,21.991767,22.610448,21.591451,24.307519,24.191714,24.534232,25.84637,23.833764,23.585802,22.514329,23.474332,22.845859,21.470261,23.051221,23.850921,23.576088,27.0792,23.90146,25.993415,36.277265,31.525997,22.025558,16.062233
4/10/2017,18.36287,19.103149,18.655061,18.379581,19.104622,19.757795,25.525757,28.356127,26.341042,30.634571,29.628186,27.772265,27.477686,29.783121,29.646871,34.129528,27.495766,33.841238,27.569853,33.761159,34.136518,27.384027,23.768494,21.715306
4/11/2017,16.428895,17.262909,14.803721,17.089261,14.645531,18.060702,22.701579,25.560062,26.392336,26.538245,31.670312,29.959666,36.491809,35.086903,32.412299,41.703186,36.413634,47.091717,26.624818,63.528318,45.716292,27.386812,25.957164,24.017277
4/12/2017,21.143595,20.092017,18.694936,7.982795,19.509882,23.332358,25.926228,27.86813,28.193488,28.996737,37.367398,31.666185,33.077793,32.48202,48.077963,49.648661,31.634618,32.562475,25.165719,26.439684,73.088576,38.504782,25.027973,21.495478
4/13/2017,20.376076,19.289593,19.424703,19.003777,19.226272,19.514716,23.090539,24.449967,24.449017,26.115344,26.739556,27.634316,31.599632,27.432661,29.530956,28.64679,34.171076,30.057331,23.155131,25.212616,27.218947,24.063104,21.921788,19.532507
4/14/2017,17.413098,18.629761,16.871742,16.470617,18.551886,17.684043,19.38209,20.782864,21.887526,23.109326,22.6554,22.789714,23.808818,23.621578,23.540874,25.664698,26.642137,26.317623,26.469919,24.879685,26.455855,23.510285,20.886914,19.42857
4/15/2017,20.397581,22.464346,17.139376,17.578937,17.08402,17.495352,19.042385,19.220176,21.671829,23.919317,24.846958,23.457593,22.615032,23.39967,23.799598,24.45985,32.997129,24.63201,24.995523,23.931918,26.270867,26.415705,21.429549,19.708984
4/16/2017,17.730347,15.797757,4.789334,14.369728,12.431384,16.310684,14.895185,15.537892,18.369372,21.408081,21.94038,22.217044,23.917082,22.961589,22.688374,22.147989,21.349649,21.52999,22.318096,22.791765,28.729828,24.676956,22.786738,21.343583
4/17/2017,20.901992,19.010678,18.86223,18.55566,20.157977,20.201378,22.239468,24.764948,26.181331,28.486373,33.390956,31.585262,47.290294,31.801168,27.464346,27.304208,28.123334,29.429355,26.364914,26.823294,45.992461,37.820555,23.043463,21.114097
4/18/2017,20.162263,21.66819,21.633251,19.911487,20.533658,23.644684,23.740328,27.185006,26.950114,28.77209,25.058314,25.643936,25.542328,26.781817,33.791721,25.239817,25.958932,24.645359,24.955395,26.2535,34.164997,29.740646,23.641751,21.702677
4/19/2017,19.948382,19.768103,19.438294,19.750804,20.265973,21.853944,24.546611,25.885457,27.90451,31.403501,34.535289,37.121743,28.180394,36.64242,43.066239,36.239131,57.039034,47.51924,29.397655,31.068266,39.782626,36.881347,24.893308,22.33011
4/20/2017,21.277617,21.30869,20.845346,19.933976,20.887409,21.711596,25.654309,27.274995,27.16926,26.004101,28.061846,28.58896,29.346254,36.971656,29.964281,30.583236,35.619281,29.971201,27.204717,31.324042,29.565181,28.150554,24.629285,20.747542
4/21/2017,19.239001,20.039378,19.17607,18.279397,19.962453,21.310147,24.62045,30.483319,25.254099,27.793258,33.172532,29.391981,32.116463,30.965038,29.917047,27.08886,38.774085,26.292171,26.333203,25.250965,28.594365,26.173972,24.352351,22.214457
4/22/2017,21.77045,22.722284,21.291481,21.185144,21.214957,21.04472,21.858814,22.703746,23.724679,26.186891,27.528208,26.360259,25.735453,24.969913,23.858688,24.121657,24.304997,24.704898,24.429186,25.271369,27.247307,24.354702,24.492955,22.472547
4/23/2017,20.927272,21.315143,20.836122,20.628553,20.820738,21.088009,21.417732,21.555628,22.074635,23.013332,23.134285,23.178895,23.00179,22.455427,22.156904,22.446511,23.174942,24.391503,25.876139,25.002083,27.634087,25.982792,22.153102,18.884576
4/24/2017,19.72858,19.960194,19.262514,19.759734,19.559048,22.00712,37.19946,32.028499,32.394507,36.509884,31.668512,31.833273,33.298712,35.748022,30.695238,30.708438,30.228943,30.195092,30.109861,26.835896,29.202738,27.17983,23.249418,20.278172
4/25/2017,19.533025,19.328333,19.291054,18.159448,19.019067,20.640236,23.925667,28.459998,28.38112,32.377234,31.260736,26.022739,30.945584,29.192483,26.831379,26.271017,25.454892,41.22082,32.528073,47.63302,63.296007,27.256874,22.879908,20.855418
4/26/2017,20.467715,19.860055,19.487912,19.05674,19.746765,21.939519,30.146368,28.785907,33.732774,34.130999,32.457444,36.174998,33.632728,39.146524,31.081894,34.514125,51.227504,101.948402,34.50486,32.943679,54.037315,59.208843,28.685993,23.614691
4/27/2017,19.64787,19.506692,18.013932,17.003008,18.807658,22.150174,25.063304,25.708695,26.478867,27.441787,27.753631,26.682096,27.536519,30.590436,28.885734,28.897188,31.682056,29.065203,31.537612,28.385326,35.456575,30.880612,23.6474,22.388324
4/28/2017,21.340495,21.529612,18.796963,18.743511,20.85856,21.700939,24.046581,26.151661,30.062228,27.569199,30.849119,29.827722,29.485206,34.693523,47.918082,74.357033,31.582086,50.23146,33.857848,30.697637,30.735726,28.893745,26.389911,24.858646
4/29/2017,22.153333,22.171246,20.330263,18.728745,19.130009,21.510656,21.558539,22.943877,23.938218,25.905773,27.723049,31.147293,30.911351,32.061506,32.163033,41.485329,30.787001,33.466115,34.359224,31.245857,44.267775,31.705924,30.455699,25.708063
4/30/2017,23.366827,20.682689,20.002434,19.122084,18.821811,20.371447,19.007965,21.026028,22.406296,23.932194,28.371465,31.771179,29.307234,34.601537,28.989138,29.743559,30.547724,40.765495,28.818431,27.375087,29.668277,32.652217,24.458472,21.572328
5/1/2017,20.790262,20.070028,19.081785,19.177986,20.548631,22.771118,40.632598,51.920697,27.60851,28.947055,28.194212,36.042243,28.077891,32.66556,28.663995,30.941355,48.531441,44.031787,61.71349,30.018714,33.305853,32.535828,27.655061,23.54287
5/2/2017,22.59293,22.732388,22.559807,22.686652,21.829161,23.552332,32.770515,36.64859,29.866705,29.691142,28.560472,33.871946,35.848341,30.29026,29.392062,30.73114,29.782295,59.617237,34.489929,31.002518,49.684439,70.097516,30.642008,24.213289
5/3/2017,23.036886,23.319233,21.512809,21.800817,22.884694,27.959006,36.816851,33.685676,41.601158,35.712911,31.102814,31.144001,33.67072,36.226054,28.310573,44.359526,27.674171,29.776024,29.054619,26.891388,36.143281,32.131355,29.874359,26.012054
5/4/2017,22.056129,21.555751,21.076615,16.001326,11.56073,5.326391,23.477373,27.329803,26.548311,28.255823,30.262172,28.874084,27.719631,24.90933,22.748549,22.023911,23.116207,21.616202,23.211,23.984837,28.052027,41.809992,27.353988,22.978817
5/5/2017,21.333347,21.287255,21.179783,21.321096,20.894195,21.659102,25.652354,34.544813,33.423985,35.909996,33.619127,61.373114,76.861001,44.143483,30.835174,29.993497,29.373002,27.356044,28.843754,28.469449,34.505105,33.408369,27.824725,23.775356
5/6/2017,22.918233,22.5224,22.64485,23.123175,22.553874,24.789765,24.18938,24.021752,28.781135,29.300077,28.693986,26.689019,25.775772,24.721309,24.993456,24.603955,24.504791,25.767658,26.411926,26.518064,29.462514,30.787815,24.955223,22.554835
5/7/2017,20.731574,21.740875,21.062958,21.668204,21.449132,21.063929,21.093746,22.078795,23.124369,23.852812,23.815427,23.652027,23.10452,22.610421,22.38859,22.621139,23.186628,24.025896,25.243392,28.313916,27.221128,30.291879,24.600838,22.471374
5/8/2017,21.992791,22.900749,22.561629,22.392137,25.535572,28.512538,35.443229,32.702817,32.444568,44.345358,31.629968,32.744084,38.534949,33.175828,45.265246,27.530898,31.882035,28.350722,31.702805,27.960021,28.462675,34.379896,29.812056,24.660666
5/9/2017,22.541031,22.818252,21.560739,20.188163,21.439967,24.854084,33.729255,35.107693,28.738247,34.511278,39.068314,33.099533,44.53889,36.001101,56.059364,32.701085,33.321145,34.40116,45.856093,28.054865,29.208411,30.4414,27.300846,23.527327
5/10/2017,22.387642,22.118042,22.401548,22.442898,22.9468,26.10967,33.88941,29.526181,31.058688,31.290588,34.487163,41.394622,50.868099,44.405433,41.343004,33.055407,39.406794,36.159912,34.093214,28.51594,29.118606,29.99742,26.797358,24.884386
5/11/2017,22.997073,22.500168,21.60904,21.442514,22.278049,24.154087,34.061969,39.914545,44.15705,28.308155,31.70203,33.305392,49.666534,46.582137,37.392858,31.041192,33.26717,31.039767,30.466902,27.675586,30.345621,34.641991,32.383987,29.160694
5/12/2017,24.743206,24.825511,25.604921,23.038112,24.697428,26.740049,29.51997,30.369738,30.575549,42.327486,35.857838,33.497101,31.399109,34.34564,36.839101,37.227633,38.262592,58.960255,31.988935,29.835051,31.473059,36.85506,28.042857,25.725077
5/13/2017,22.875016,23.81769,22.853901,24.488813,23.239434,23.734608,20.953438,34.654461,42.96381,47.27316,41.150423,32.134187,34.566556,28.746598,26.505296,26.734659,29.164784,32.530766,29.317945,36.356818,28.933071,32.117485,22.826416,20.956527
5/14/2017,19.299867,18.39113,19.05886,18.384934,19.699532,19.700962,16.977617,21.780592,22.737749,23.720517,23.730412,22.583868,23.396027,23.849122,24.294812,24.148945,25.233692,28.134447,26.971853,25.489571,26.002423,27.54579,25.332061,21.781576
5/15/2017,19.999901,21.580217,19.906251,19.347923,20.308329,21.857895,23.953535,27.776934,27.791879,30.823792,38.857748,33.247,28.423204,36.518653,89.52517,36.344984,66.795511,44.767079,33.493394,31.832116,35.328268,37.719967,27.086336,23.587174
5/16/2017,21.891647,21.030865,19.848978,18.747878,19.351192,21.607978,24.003389,26.1126,27.230081,29.39006,32.040265,35.312141,65.349243,44.442663,39.802122,50.283478,38.908565,74.240884,41.247313,39.425675,44.811127,48.766785,26.806343,24.020406
5/17/2017,22.257396,21.516028,20.145751,19.42971,20.251002,22.047388,22.756963,23.202273,27.164724,30.317064,35.50652,40.928657,43.714722,48.411034,55.761587,53.531557,65.651038,66.36328,42.098621,42.592522,50.895817,63.301794,31.862804,30.835822
5/18/2017,28.363722,20.862514,20.352292,18.244421,19.107219,22.317086,26.119024,34.871723,31.886764,31.26943,36.94346,32.04041,57.264031,59.436869,61.509092,94.735673,129.961903,122.768067,74.321108,60.892941,66.767212,48.771394,37.899929,27.274672
5/19/2017,24.880901,23.763214,21.299495,19.573668,19.885879,25.978972,30.990217,33.119835,34.900694,35.47241,34.57459,40.047538,61.256525,98.627846,161.428374,127.547636,135.841499,110.935576,59.304618,46.646965,51.196906,37.318245,32.285278,27.737647
5/20/2017,26.293599,29.083792,24.904343,21.128786,23.749228,22.018034,23.327202,21.212454,25.826046,28.861856,31.936573,54.065273,43.328071,35.29495,30.976924,29.107252,40.0948,33.376366,28.679242,29.092441,31.908617,29.801349,24.614109,22.773162
5/21/2017,21.590861,22.626285,20.833378,20.719563,20.738944,20.394946,19.123543,20.627934,20.940484,20.859971,23.067166,23.773103,23.558044,23.59407,22.029785,22.443457,23.531566,30.132617,29.288741,30.694755,42.352687,34.037996,24.50139,20.166035
5/22/2017,18.88466,20.1977,19.555143,17.107424,15.614043,20.215027,24.530105,31.643767,29.868558,29.776638,53.176626,32.188482,27.552755,29.985686,27.923501,33.134856,39.427873,35.392776,38.244709,29.716967,48.550477,33.339578,25.604053,23.616799
5/23/2017,21.797517,21.873942,21.445661,20.67906,20.615844,21.432127,21.630648,33.390099,29.506345,31.120295,32.957581,27.122005,28.43611,28.46516,29.896048,32.747294,31.559169,40.515479,33.519739,38.142189,42.585357,66.530143,27.03467,21.219737
5/24/2017,20.849855,21.839397,20.925441,20.431631,20.874006,23.109433,23.655901,30.073301,28.396377,32.300188,31.045021,30.53369,29.105422,33.069585,29.456365,28.803263,26.826226,24.740386,25.755446,24.092611,25.941265,24.804983,22.732863,21.271343
5/25/2017,19.640411,18.796204,18.883516,16.426793,17.441006,18.297734,18.951177,24.436391,27.685806,28.043308,28.194692,30.254247,32.099023,27.739674,26.552078,28.054305,28.694291,29.013797,28.671912,25.00562,25.405492,25.950237,23.862095,21.585995
5/26/2017,20.646495,21.202625,20.61251,19.962142,18.639121,20.469918,20.847884,24.55509,25.305874,26.079892,27.083307,26.064338,25.60276,26.770578,27.184815,29.920112,29.605116,28.86094,26.227729,25.021309,26.415779,29.581946,25.062229,23.418274
5/27/2017,20.912676,22.375968,20.97783,20.863488,21.255575,20.626607,19.315578,19.800471,22.008845,23.768469,24.412689,26.691818,28.3325,26.870942,25.853653,26.395483,26.274898,26.953111,49.778159,28.231636,25.540825,24.759399,23.153309,17.732156
5/28/2017,19.919814,18.983391,18.910844,18.049231,18.374024,15.803997,-26.649094,13.927062,19.68018,21.556985,22.461841,23.212602,24.411152,24.848003,23.911068,22.343278,22.630217,23.025064,23.144852,23.011474,22.375233,22.544969,22.065846,19.256669
5/29/2017,15.281629,13.115848,17.071553,17.484039,14.672749,12.499594,-7.402842,13.443345,19.156583,21.602994,22.118933,23.328464,23.771273,24.03002,23.892585,24.068189,24.950531,26.261211,25.74592,26.105027,25.565461,25.392312,22.95996,20.681419
5/30/2017,20.22329,18.928025,16.838404,16.07213,18.982114,21.501752,21.260957,23.259686,26.490249,29.609153,27.780176,27.191385,25.297446,26.742349,24.99979,27.001787,27.669977,31.143758,31.009578,25.899645,26.129131,30.100524,26.004881,23.737426
5/31/2017,23.159384,19.982024,17.119261,13.52744,19.737938,21.831345,22.247887,26.221329,27.534313,29.367106,28.044946,31.062296,28.693563,29.245641,36.057317,43.06261,38.338312,36.881651,38.49869,30.568408,30.136517,42.946372,26.806955,24.986617
6/1/2017,21.703276,20.572485,19.11409,15.740566,15.959709,18.961985,20.43482,21.763241,25.195896,25.98999,28.166755,32.275746,29.931025,29.886654,32.745432,42.279532,45.399389,52.392348,49.258145,34.65898,29.819217,32.248395,23.781779,23.270368
6/2/2017,18.366561,18.039613,20.01559,17.643692,18.169146,21.832852,20.552537,24.397039,26.47049,30.878284,32.567632,33.251137,30.499684,36.79225,34.491978,50.581126,43.608067,51.642971,63.655162,34.736779,31.799598,26.825241,23.233529,18.871028
6/3/2017,18.043743,22.135429,18.200399,14.85755,14.393547,15.596763,13.881473,18.117033,22.014947,22.101115,22.719391,23.979916,26.066115,24.529749,25.223007,30.452055,36.630962,35.941041,40.628293,28.281028,24.924234,25.722264,21.731522,19.979747
6/4/2017,17.835257,19.417714,16.934559,15.658483,12.904151,10.224946,7.806983,12.393564,16.279363,19.899717,21.290598,22.887947,26.857634,25.348163,28.983654,29.634516,28.307786,44.726249,37.080047,46.794578,31.778072,28.917207,24.969404,20.940214
6/5/2017,18.606389,19.303391,17.008788,16.645803,16.832246,19.007448,19.841527,22.795806,25.133113,26.244612,36.433747,31.235809,28.429023,28.715531,25.178874,24.168268,23.45914,23.759426,24.218082,24.42485,24.212007,23.829269,19.974162,17.878786
6/6/2017,17.119267,17.300127,15.438946,13.807158,14.786944,16.147746,17.050922,21.014645,22.11773,22.42128,24.663475,26.833258,30.462771,24.891456,29.263351,30.414114,26.651371,31.581501,24.867992,23.851584,23.531607,24.560669,19.838405,17.746827
6/7/2017,17.105791,17.03673,17.13727,17.488269,18.27668,19.462502,19.923304,22.126465,22.040618,21.615983,22.895124,23.543207,24.041717,24.230298,28.615489,25.624038,27.180609,28.392693,26.043229,24.057836,25.147492,23.837033,20.942824,18.880639
6/8/2017,16.869289,16.894696,16.853433,15.892334,16.65599,18.292062,18.122065,21.620188,22.992642,23.89067,24.758615,28.245066,32.167054,31.433995,29.615753,39.66974,33.812945,38.869671,31.064315,27.390088,28.359582,29.166885,24.494152,20.155464
6/9/2017,17.180743,17.163121,16.752637,14.722429,14.757832,17.110423,18.317095,20.835409,22.934772,23.442703,29.801607,39.50488,34.281682,29.922475,31.446764,34.016931,39.773453,49.035594,34.698837,30.067493,33.898923,32.738531,23.070225,21.815812
6/10/2017,20.189284,17.462462,12.661441,15.433044,5.63272,7.007202,9.985119,12.044207,17.500626,20.93204,22.370534,24.556879,27.163189,28.971612,35.309013,30.106308,33.425697,40.414392,38.481672,28.276769,26.689773,26.265701,24.086083,20.08524
6/11/2017,19.468707,15.158675,11.948118,-0.44431,-10.247012,-12.918865,-35.739255,9.058637,18.696853,20.604867,23.410462,26.663942,28.219205,28.593103,29.510375,36.282423,39.126187,44.669406,43.020412,33.410597,31.107424,30.865168,25.775581,22.541586
6/12/2017,22.19634,19.33974,18.187607,16.75922,16.296498,16.203487,19.190754,22.782251,25.750918,28.82837,31.122684,36.232553,39.137812,44.737829,41.814753,57.798285,56.538128,86.343665,40.78008,43.425486,45.970183,64.346809,33.571691,27.831045
6/13/2017,26.592177,22.732189,21.073485,19.532909,20.41848,21.597024,24.588297,29.202607,31.106265,36.065371,38.095077,50.201365,51.171714,39.766725,39.88266,41.748991,46.829092,49.911748,48.994581,35.304401,31.425638,29.966101,27.952337,26.020808
6/14/2017,22.091382,22.198111,20.947739,20.751118,20.420667,22.57506,24.852398,26.315643,27.264906,30.267395,34.059722,36.657693,52.827314,52.844005,41.4182,53.525468,58.241823,49.974884,33.232399,32.910734,30.885015,28.308794,25.32869,24.363248
6/15/2017,19.221528,20.201898,18.378056,17.594659,18.352501,19.685283,20.907681,23.330032,24.605954,25.633687,28.204159,37.555214,46.075961,35.694422,33.51404,41.706703,58.851027,35.568146,32.978207,33.00976,31.028065,29.967501,23.628795,22.079453
6/16/2017,20.258564,19.745289,18.911722,18.152765,18.21014,19.598525,21.898538,23.131907,24.287806,26.324161,27.248023,40.225405,30.52075,45.993385,52.149375,44.574429,57.768567,41.722899,37.848216,43.160798,30.001033,29.445807,25.709129,22.650054
6/17/2017,20.93032,21.001905,19.883146,19.254098,18.111831,18.935861,18.860474,20.894342,22.620215,24.140993,29.76654,30.589472,28.897748,38.629714,32.266924,31.152068,37.931411,38.021552,31.572308,28.396605,33.465627,34.564171,25.619125,23.584365
6/18/2017,22.699331,22.111668,20.663233,21.275085,19.985782,18.385385,17.434408,20.171606,21.708338,24.608874,28.649195,32.436144,41.267916,30.247257,50.822102,50.629166,75.725455,42.399011,40.477876,40.446727,42.315956,41.667512,31.474711,25.421906
6/19/2017,24.015994,22.670481,22.259242,21.22081,21.335621,23.383762,26.239216,46.143214,33.237517,46.434299,56.546139,40.409089,72.478866,105.794559,68.508208,61.69092,28.107933,28.505949,27.676602,27.597166,26.602506,26.505801,23.312898,20.778676
6/20/2017,20.353488,18.103757,14.688061,15.049023,15.346266,17.856711,19.705491,20.589916,21.892771,23.105245,24.214475,24.352046,25.215025,25.916531,29.497002,26.882947,27.737022,32.287671,29.517722,30.003294,27.35837,26.099444,23.452941,20.764596
6/21/2017,19.657226,19.221605,17.095062,14.921686,17.198649,19.127853,19.219838,19.875285,22.4911,26.675706,26.607519,28.875726,27.280504,28.75203,31.767375,38.507714,37.105691,32.421482,32.910258,28.45486,27.975511,27.663471,23.942404,20.868022
6/22/2017,18.925909,18.424565,16.942047,15.822567,16.174691,18.170612,18.982793,21.47781,22.963755,25.352097,27.433446,30.601698,30.692512,31.289807,33.571372,50.236929,58.002815,51.786946,39.406509,31.220741,33.144867,33.205702,28.469786,24.896499
6/23/2017,22.614511,22.892914,21.530993,21.158252,21.279391,22.557112,24.137891,23.99259,25.30957,30.268759,30.087309,42.122074,29.621609,32.824045,30.371823,33.534262,50.434463,43.488817,39.031132,30.375431,29.380104,28.512541,26.062835,24.013297
6/24/2017,23.076623,23.19148,20.568752,20.212446,19.558328,19.819119,19.776759,21.794939,24.702737,25.522269,28.538739,28.808556,27.085938,26.970983,26.900732,27.144022,29.642791,33.323161,33.273034,27.910657,26.290944,25.638147,23.995379,20.496245
6/25/2017,19.221937,20.008812,18.020805,17.140605,14.811179,13.36378,12.854968,14.723278,18.673992,20.204303,21.417762,21.91416,23.457593,24.252479,24.758858,24.440537,25.948678,30.370406,26.262157,25.774602,21.199013,22.798373,19.376888,19.332688
6/26/2017,17.444023,15.856843,15.983301,14.538854,15.910652,15.565681,14.545481,19.750951,19.638497,21.333141,21.094007,22.172293,23.051725,23.906452,25.542529,25.952635,31.265336,26.766589,25.738327,24.104797,22.999198,22.619861,20.512779,19.640074
6/27/2017,17.05666,17.906927,17.80582,17.47946,18.601589,19.313321,18.724132,19.696355,20.650012,22.027617,23.080362,25.111388,23.725426,25.256976,31.571354,24.484788,27.268255,27.170256,25.091002,22.995635,22.061464,22.154373,18.794185,15.528326
6/28/2017,12.547642,7.455999,6.912084,1.372403,0.709416,4.914492,11.396519,14.706836,18.041357,18.298687,20.08209,21.110716,22.395758,22.897149,23.992285,24.302833,28.194723,27.276529,26.073256,24.440083,23.371222,23.542788,19.649619,18.089449
6/29/2017,16.407165,16.630746,16.402176,15.01354,13.189201,17.841795,19.739669,18.193744,20.448401,21.440177,25.718891,25.68162,29.484901,30.026288,37.015042,45.938138,30.894682,63.293865,37.565837,43.937678,36.269402,28.83999,24.289212,23.011061
6/30/2017,21.244628,19.318093,18.930392,18.088689,18.462738,19.40464,20.281741,22.559888,24.445621,26.987188,30.04784,31.063132,42.595156,45.350222,40.485422,33.298129,43.521072,44.307525,30.395467,29.886004,30.654547,29.852732,25.60009,22.640275
7/1/2017,22.776343,22.954046,20.457137,19.81004,18.808897,17.683003,20.82976,21.625763,22.40061,25.730597,29.883787,29.825138,64.443547,39.850325,43.408199,32.801187,30.740821,54.177678,51.429974,29.502122,27.211747,26.89254,23.774843,21.868449
7/2/2017,20.465516,21.117362,19.77496,18.238369,16.956095,15.197783,16.818706,20.57071,21.071667,24.226051,27.694579,31.684666,33.641114,30.786896,49.311458,52.872322,74.847319,82.891254,34.175492,33.808716,32.607201,37.709393,24.42587,23.615612
7/3/2017,22.88027,20.848159,19.60943,18.334125,18.625885,19.622168,20.804968,21.650466,24.392628,30.608719,31.138889,32.090111,73.152838,31.77508,36.406129,40.572218,60.332815,40.416301,33.268745,30.54883,30.447622,28.196902,25.562362,23.781128
7/4/2017,22.978906,21.599937,20.964538,17.671966,19.293655,19.766234,17.65709,20.187297,20.72828,22.273094,25.740237,59.974158,56.789265,36.54543,39.507826,34.272056,32.600336,40.905702,28.113467,26.036789,24.298648,23.30397,22.576175,21.008091
7/5/2017,19.522441,19.971512,17.202652,16.097228,16.935327,18.493713,21.359957,21.360946,23.366491,25.877899,28.665801,52.024647,52.392249,67.673549,41.144888,33.769959,38.898209,35.549893,34.627186,28.787335,29.771862,28.899865,24.971532,23.624699
7/6/2017,21.099213,20.716801,20.09409,19.159485,19.378794,21.566903,22.014259,22.938513,24.260758,25.413137,29.797599,29.197724,31.653855,37.000539,58.925628,92.958954,34.888316,36.9311,41.536853,36.641084,28.567855,30.007506,24.468378,22.374223
7/7/2017,20.138768,20.422981,18.990357,18.501797,18.131463,20.72055,21.453725,22.54334,22.826512,25.730013,27.374858,44.303698,29.566516,30.836552,30.460989,33.085063,39.893402,42.743259,31.427171,27.666677,26.873038,25.571229,22.415485,19.619802
7/8/2017,19.803047,19.021709,17.927981,16.902823,16.491651,16.29052,16.438599,18.823163,20.963994,22.124165,25.356231,26.4437,26.870914,30.549532,29.977275,30.474637,59.081507,37.917965,47.400984,37.633014,24.337476,24.481512,22.210871,20.498224
7/9/2017,20.954219,19.675327,18.20725,17.653898,15.289627,13.850707,12.322635,17.377684,17.116672,20.659513,20.681523,22.107326,23.49686,25.675135,26.547895,28.207704,29.886817,36.03984,30.089557,28.492715,25.177912,24.646766,21.841197,18.470186
7/10/2017,16.820743,15.150467,14.377206,13.732057,14.242427,17.039652,16.714295,18.793716,19.182089,22.493174,25.024994,25.332709,28.004785,30.423915,31.534199,48.737633,46.95244,111.817302,52.626423,35.027075,36.423216,29.745438,25.651451,22.506225
